static const char kernel_config_data[] __used = MAGIC_START
	"\x1f\x8b\x08\x00\x00\x00\x00\x00\x02\x03\x94\x3c\x4b\x73\xe3\x36"
	"\xd2\xf7\xfc\x0a\x55\x72\x49\x0e\x99\xe8\x35\x7e\xec\x57\x3e\x40"
	"\x24\x28\x61\x45\x12\x34\x00\x4a\xb6\x2f\x2c\x8d\xad\x99\xf8\x8b"
	"\x2d\x79\x65\x79\x92\xf9\xf7\xdb\x0d\x90\x22\x40\x82\xb4\x37\x35"
	"\x35\x19\x75\x37\x1a\xaf\x46\xbf\xd0\xe0\x2f\x3f\xfd\x32\x20\x6f"
	"\xc7\xfd\xf3\xe6\xf8\x78\xbf\x79\x7a\xfa\x31\xf8\xb6\xdd\x6d\x0f"
	"\x9b\xe3\xf6\x61\xf0\xf5\xf1\x69\xfb\x7f\x83\x90\x0f\x52\xae\x06"
	"\x34\x64\xea\x13\x10\xc7\x8f\xbb\xb7\x7f\xfe\xd8\x1c\x9e\xcf\xa6"
	"\x83\xe9\xa7\xd1\x25\xfc\xb9\x18\x2c\xb7\x87\xdd\xf6\x69\x10\xec"
	"\x77\x5f\x1f\xbf\xbd\x41\xeb\xc7\xfd\xee\xa7\x5f\x7e\x82\x3f\xbf"
	"\x00\xf0\xf9\x05\x18\x1d\xfe\x35\x20\xbb\x87\xc3\xfe\xf1\x61\xf0"
	"\xeb\xd9\x74\x3a\x19\x9e\x5f\x0c\xbe\x6c\x5e\xa1\x9b\xfd\x6e\x70"
	"\x98\x5c\x4c\x2e\x87\xe3\xdf\x06\xf7\x4f\x9b\xdd\xb7\xc1\xf7\xed"
	"\xe1\x15\x38\x0c\x46\xa3\x4f\xc3\x4f\xa3\xc1\xaf\x7f\x1e\x8f\x2f"
	"\xaf\xff\xfa\xe3\x8f\x8d\x61\xf0\xe9\xdb\x7e\xff\xed\x69\xfb\xba"
	"\x7f\x3b\xdc\x6f\x3f\xdd\xef\x9f\xff\x38\xee\xf7\x4f\xf7\x7f\x6e"
	"\x1e\x77\x7f\x3c\x3d\x7d\x7f\xfe\xfd\xe5\xb0\xff\xff\xed\xfd\x71"
	"\xf0\x65\x72\x79\xfe\xf5\x62\x34\x3c\x1b\xde\x6f\xcf\x1e\xce\x87"
	"\xa3\xe1\x74\xfc\xe5\xfc\x62\x3c\x3a\x1f\x6f\x1f\x46\x93\x2f\xdb"
	"\xed\xc5\xe5\xc5\x97\xf3\xcb\xdf\x60\xa0\x01\x4f\x23\x36\x2f\xe6"
	"\x41\x50\xac\xa8\x90\x8c\xa7\x57\xc3\x0a\x08\x30\x26\x8b\x20\x26"
	"\xe9\xfc\xea\xc7\x09\x88\x3f\x4f\xb4\xa3\xd1\x70\x38\x1c\x55\xb8"
	"\x38\x0e\xbd\x5c\x16\x44\x16\x44\x26\xc5\x9c\x2b\x5e\x73\x62\xe2"
	"\xba\x58\x73\xb1\xac\x21\xb3\x9c\xc5\xa1\x62\x09\x2d\xe8\x8d\x22"
	"\xb3\x98\x16\x92\x0b\x55\xe3\xd5\x42\x50\x12\x16\x2c\x8d\x38\xfc"
	"\x55\x28\x22\xb1\xb1\x5e\xee\xb9\xde\xbe\xa7\xc1\xeb\xf6\xf8\xf6"
	"\x52\xcf\x8b\xa5\x4c\x15\x34\x5d\x15\x44\xc0\xf0\x58\xc2\xd4\xd5"
	"\x64\x8c\xbb\x53\x8e\x8d\x27\x19\x83\x6e\x14\x95\x6a\xf0\xf8\x3a"
	"\xd8\xed\x8f\xc8\xe1\x34\x1f\x1e\x90\xb8\x9a\xd0\xcf\x3f\xfb\xc0"
	"\x05\xc9\xed\x39\xe9\x19\x14\x92\xc4\xca\xa2\x5f\x90\x15\x2d\x96"
	"\x54\xa4\x34\x2e\xe6\x77\x2c\xab\xc9\x6d\x4c\x7c\x37\xad\x11\x2e"
	"\xf5\x69\xbc\x35\xa9\x67\xb4\x21\x8d\x48\x1e\xab\x62\xc1\xa5\x4a"
	"\x49\x42\xaf\x7e\xfe\x75\xb7\xdf\x6d\x7f\x3b\x8d\x43\xae\x89\xc3"
	"\x4d\xde\xca\x15\xcb\x02\x9b\xd5\x09\x97\x71\xc9\x6e\x8a\xe4\x3a"
	"\xa7\x39\xf5\xf4\x15\x08\x2e\x65\x91\xd0\x84\x8b\xdb\x82\x28\x45"
	"\x82\x85\xcd\x39\x97\x34\x66\x33\x4f\x3b\x92\xc3\x79\x6a\xcc\x9f"
	"\x88\x60\x61\x10\x30\x20\x58\xd9\xb8\xc6\xf7\x40\x8b\x35\x51\xba"
	"\x53\x07\xa8\x04\xa5\x95\x48\x80\x7c\x0d\x5e\xdf\xbe\xbc\xfe\x78"
	"\x3d\x6e\x9f\x2d\x51\xa7\x29\x15\x2c\xd0\xe2\x97\x09\x3e\xa3\x35"
	"\x0f\x1b\x25\x17\x7c\xdd\x8d\x29\x62\xba\xa2\xb1\x1f\x4f\xa3\x88"
	"\x06\x8a\xe1\xcc\xa2\xa8\x48\x8c\x90\x7a\xe8\x12\x36\x17\x44\xa1"
	"\x68\x59\xeb\x21\x42\x40\x49\xd8\xaa\x42\x50\x49\xd3\xd0\xdf\x34"
	"\x58\xd8\x52\x84\x90\x90\x27\x84\xa5\x3e\x58\xb1\x60\x54\xe0\x1a"
	"\xdf\xda\xfd\xa4\x21\x88\x7d\x49\x00\xb4\x6e\xc3\x88\x8b\x80\x86"
	"\xe5\x71\x63\xf6\xe9\x97\x19\x11\x92\xba\x2d\x9c\x39\x81\x00\xb2"
	"\x92\xbd\xb0\x36\x07\xb7\x38\x80\x73\xb3\x94\x3c\x07\xde\x45\x48"
	"\x14\x69\x73\xd0\x47\x7f\xd5\xda\xef\x0a\xad\x19\xc0\xba\xa7\x4a"
	"\x36\x58\xa3\x82\x51\x2c\x58\x16\x33\xc1\x49\x18\x10\xa9\x7a\x5b"
	"\x3b\x64\x5a\x56\xd4\xe3\x33\x28\x5f\x9f\xb8\x68\xb6\x3c\xa5\xb0"
	"\xeb\x16\xd3\x94\x17\x8b\x3b\x54\x1f\x89\xde\xbe\x93\xe0\x03\x30"
	"\x83\xde\x78\xc8\x02\x8f\xf4\x9b\x56\x0c\xd6\xc6\x6e\x63\xa0\x51"
	"\x1e\xc7\x5d\x4d\xac\x8d\x63\xf3\x05\x4a\x86\x5e\x2a\x21\x6d\x36"
	"\x19\x88\x7e\x92\x29\x68\x91\x52\xff\x91\x2e\x09\x56\x3c\xce\x53"
	"\x45\xc4\xad\xa7\xbb\x92\xa6\xee\xb0\x6a\x14\x70\x68\x53\xad\x56"
	"\x90\xe5\x7f\xa8\xcd\xeb\x5f\x83\x23\x2c\xdb\x00\xcc\xd3\xe0\xf5"
	"\xb8\x39\xbe\x0e\x36\xf7\xf7\xfb\xb7\xdd\xf1\x71\xf7\xad\xb1\x7e"
	"\xd0\xa0\x20\x81\xe6\x61\xc4\xe9\x34\xa8\x15\x13\xaa\x81\xc6\x1d"
	"\xf3\x4e\x00\x05\x4c\x8b\x48\x4d\xeb\xa5\x9b\xc9\x10\x4f\x76\x40"
	"\x41\x45\x01\xa9\x4f\xb3\xa3\xe9\x90\x8a\xd8\x82\x84\x20\xd0\xa1"
	"\x31\xb9\xd5\x8d\x1a\x88\x1b\x0f\x8c\x71\x77\x52\xd5\x92\x49\xe6"
	"\xec\x8b\x64\x27\xd5\x1c\x32\x89\x66\x2d\xf4\x69\x54\x58\x03\x26"
	"\x79\x5c\x69\x04\xbd\xd0\x22\xc8\x07\xb2\x2d\x93\xd5\xa6\x00\xda"
	"\xee\x09\x7e\x82\xe1\x04\xf9\xf3\xcd\x58\x1a\xe2\x6a\xfc\xc0\xa1"
	"\x09\xc2\x25\x29\x1c\x10\x32\x84\x55\x8a\xe3\x5a\xd2\x2d\x4c\x4a"
	"\x41\x47\x48\x3a\x0f\x66\x31\xb3\x0f\x9c\xb1\x81\x33\x96\x8e\x03"
	"\x4b\xad\x2c\xcd\x3f\xda\x10\xbd\x55\x36\x78\x01\x4a\xc7\xc8\xf6"
	"\xc9\xde\x22\xd3\x08\x14\x2f\x8b\xd4\xd5\xe8\xdc\x86\xe3\xb2\x25"
	"\xe4\xc6\xc6\x8f\xeb\x65\x62\xa9\x5a\x82\x35\x8e\x68\x93\xc7\xa4"
	"\xa9\x1d\x64\xb0\x80\xd9\x68\x1d\x51\x2d\x7e\x44\x98\x18\xc8\xfb"
	"\x3f\xb7\x6f\xe0\xc6\x0d\x8e\x6f\xbb\xcd\x17\xf0\xbe\xcc\x01\x28"
	"\x3b\xa0\xb0\xa7\xb9\x62\x31\x28\xa0\x38\x8a\x19\xf4\x33\x19\xfb"
	"\x4e\x55\x9b\x6e\x74\xe6\xc8\x48\x9b\xe0\xc2\x67\x3d\x51\xd7\xc9"
	"\x3c\xcb\xc0\x2b\x92\x45\x9a\x27\xa4\x98\x11\xf0\xc7\x02\x47\xfe"
	"\x34\xd5\x9a\xa4\x0a\x90\x4a\x4f\x2b\x4f\x13\x92\x15\x2a\x9e\x15"
	"\x51\x9c\xcb\x45\x83\xf4\xc4\x10\x56\x6b\x34\xbe\xb0\x5c\xbd\xb9"
	"\xe0\x79\x66\x6d\x44\x46\xe6\xd4\x68\x02\x5b\xb9\x83\x17\x10\xcc"
	"\x1b\x3f\x2b\x5f\xa3\x05\x03\x67\x4c\x9f\x80\x26\x4e\x9b\x1c\xf4"
	"\x1b\x8a\x55\xa2\x09\x33\x06\x3a\x57\x36\xc9\x96\xf0\x3f\x4b\xd2"
	"\xe2\x65\x39\x48\x7b\x31\x43\x3a\xcb\x6d\x9c\xef\xb0\x69\x44\xb1"
	"\x16\x4c\xd1\x19\x09\x96\xcd\x39\x1b\x71\xa8\xa1\x28\x0a\x85\x8b"
	"\xa9\x7d\xc8\x08\xec\x09\x18\xbc\x35\x0b\xd5\xc2\xab\x8f\x40\xc3"
	"\x59\x6d\xbd\x24\x65\xb7\x19\x0b\x65\x1f\x5e\x84\x09\xe9\x9e\x4e"
	"\x04\x87\xfa\xce\xde\x19\x38\x1c\x92\xda\x3a\x0e\x8f\x1a\x76\x52"
	"\x62\x9c\x69\x18\x1e\x21\x5d\xb1\x80\x76\xf7\x01\x0d\x4b\x4d\xd8"
	"\x1a\x3b\x15\x51\x77\xbb\x59\x16\x79\x7b\x83\xad\xf2\x29\x2b\x1e"
	"\x2c\x4f\x34\x8e\xab\x80\x8e\x2d\x38\x21\xa0\xdb\x6b\x58\x8e\x87"
	"\x41\x36\xfc\x4f\x01\x20\xdf\x51\x84\xc9\xa7\x56\xdb\x94\x2a\xe7"
	"\xb7\xd1\x03\x34\xf1\x81\x0a\x95\xa7\xb4\x09\x47\x91\x85\x53\x05"
	"\x6c\x85\xb3\x2a\x06\x9b\x25\x39\x1c\x98\x54\xf9\x37\x75\x41\x83"
	"\x65\xc6\xe1\xd8\xa1\x49\x57\x5c\xf8\xed\xb6\xe1\x84\x71\x46\x97"
	"\x38\x1b\x8a\x72\x74\xb6\x7b\x0f\xa2\x19\x52\xb0\x16\x01\x51\x1d"
	"\x82\x27\xd0\xe0\x79\x58\xe2\xf1\x01\x59\xd0\x01\x94\xb0\x4e\x82"
	"\xfe\x4d\x12\x60\x6c\x3c\x39\x2b\xcc\x11\x61\x23\xba\x01\xc0\x0c"
	"\x00\x63\x07\x12\xdf\x25\xc4\x01\xdc\xdc\x35\xf0\xbc\xf1\x7b\xea"
	"\x08\x4e\x50\xf0\x0c\x9c\x00\x76\x47\x51\x67\x68\xa9\xe3\x22\x01"
	"\x1d\xe8\x15\xda\x06\xb5\x84\x7f\x58\x1b\x08\x8e\xa6\x8a\x1b\xd1"
	"\x08\xec\xa4\xd6\xcd\x0e\x0d\x98\xd5\x80\x66\x68\x99\xc1\x72\x82"
	"\xf0\x59\x2a\x48\xcb\x75\xf9\xc3\x18\x5f\x4b\x30\x5d\x5e\xda\x39"
	"\x46\xd1\x74\x76\x69\x4e\x15\xc6\x08\x45\xe9\xf6\xfa\xb6\x57\x6f"
	"\x64\xed\x16\xdb\x3b\x8c\x83\xf3\xb4\x3c\x91\x44\xc6\x17\xf7\x9d"
	"\x04\x1d\xe1\x9d\xfc\x48\xc7\x66\x36\x7f\x17\x69\xc2\x6c\x03\x6f"
	"\xa9\x7b\x1a\x47\x20\xe1\xc2\x5e\x12\x82\x47\x22\xb7\x3d\xf8\x28"
	"\x57\xf4\xa6\xf1\x13\x8e\xa2\xc5\x25\xe3\x36\xbd\x64\xf3\x14\x0c"
	"\xa1\x25\x77\x7a\x9c\x36\x40\x7b\xf2\x36\x40\x2e\x1c\xdb\x40\x98"
	"\x25\x47\x24\x5c\x31\x18\x54\xb9\x50\xae\x55\x99\x11\x21\x98\xad"
	"\x35\x97\x48\x72\x6b\x6b\x80\x0a\x52\x38\x61\xc9\x09\xaa\x27\x8c"
	"\x07\x09\x83\x3e\x47\x34\x8a\x56\x2c\x83\xc0\x7f\x43\xa0\x4a\xe2"
	"\x35\xb9\x95\x85\x1b\x3d\xa0\x6c\x68\x47\x31\x0a\xbb\xac\x3f\x46"
	"\x3a\xf5\xa0\x81\x7f\x1a\x34\x96\x1f\xe2\xb3\xeb\xb6\x39\x44\xa8"
	"\x87\x27\x70\xa2\x61\x68\x9b\x3a\x7d\x08\xf0\x54\x15\xa7\x48\xab"
	"\x76\x53\x82\xd1\xd0\xc9\x3c\x68\x67\xa8\xcc\x82\x65\xdb\xc3\xd7"
	"\xfd\xe1\x79\xb3\xbb\xdf\x0e\xe8\xf7\xed\x0e\xe2\x01\x02\x91\x41"
	"\x80\x11\x01\xc4\x56\x96\xf7\xea\x67\x6e\xc6\xa9\x91\xc6\x0d\x80"
	"\x75\xe3\xbe\x28\x0a\x1c\x04\xdd\xba\xf2\x44\x6c\x55\x1d\xe7\x33"
	"\xc3\xc8\x39\x26\x08\x2d\x5d\x10\x7d\x94\xb8\x3f\xbe\xc0\x6c\x10"
	"\x01\xaf\x49\x2c\xfd\x7a\x38\x26\xbe\x94\x06\x72\x77\x7b\xe3\x7e"
	"\x32\x82\x83\x10\xe0\x41\x95\xd1\x80\xdb\x08\xb0\x68\xbf\xd1\x95"
	"\x2e\x04\x9c\x59\x9e\x74\x0e\xa2\x26\xc4\x7c\x01\x38\xb0\x61\xc7"
	"\xb0\xb4\x77\x0c\x11\xbb\x62\x24\x76\x54\x9a\xa2\x89\xb6\xab\x98"
	"\xad\x63\x11\x0b\x1a\x69\x08\x70\x13\x22\x16\x3b\x4e\xa5\x56\x7b"
	"\xda\x56\x39\xb1\x77\x72\x66\x25\xad\xce\xa6\x33\x3b\xb9\x93\x24"
	"\x79\x83\xd4\x38\x90\x4d\x37\xdd\xa0\xd0\x4a\x96\xa8\xa9\x23\xf1"
	"\x09\xfa\xae\x22\xc5\x88\x02\xec\x7c\xc2\xd2\xab\xd1\x45\x1f\x01"
	"\xb9\xb9\x1a\x77\x70\xa8\x36\xf8\xc4\x68\xf4\x01\x3a\xe0\x37\x3a"
	"\xb3\xc2\x71\xc6\xd1\x5b\x06\xb8\x65\xe9\x20\x48\x0a\x96\x7a\x89"
	"\x2a\x6f\xda\xb2\x98\x71\x4c\xe7\x24\x2e\xf4\xe2\xc1\x91\x5d\x91"
	"\x38\xa7\x57\xc3\x7f\x1e\xb6\x9b\x87\xa1\xf5\x9f\x95\x5d\x5c\x82"
	"\xd1\x6e\x33\x32\xfc\x21\x08\x8e\x62\x32\x97\x6d\xbc\x58\x4b\xd8"
	"\xd6\x9b\x60\x31\x27\x21\xf8\x0b\xf1\x9c\x83\x7b\xbb\x48\xda\x99"
	"\x10\x47\x7f\x5b\xc0\x93\x0e\xab\xc6\x2a\xdb\x64\x8b\x35\x65\xf3"
	"\x85\x2f\xbd\x22\x73\x4f\x57\xa0\xfc\xd8\x4c\x80\xf7\x61\x22\x6b"
	"\x5b\xe4\xef\x78\x0a\xd0\x84\x78\x23\x26\xad\x85\x2a\x26\xf3\x3c"
	"\x6b\x84\x2c\x26\x88\xa8\xf2\x8f\x0b\xae\xb2\x38\x9f\xbf\x47\x23"
	"\xe0\x5f\xb6\x7e\x96\x49\xd6\x4a\xb8\x26\x3c\xa4\xe0\x13\xda\x87"
	"\x21\x02\x2b\x49\x89\x88\x6f\xe1\x77\xe1\x98\x98\x6c\x6e\x92\xd4"
	"\x3a\x17\x28\xaf\x26\xfe\xa8\x2a\xd7\x49\xc6\x66\xc6\x4a\x7b\xe2"
	"\x4b\xd4\xdc\x05\xd8\xc2\x53\x66\x25\x7b\xda\x1c\x51\x8b\xc2\x5a"
	"\x3c\x6d\xef\xcb\xfb\x84\xd3\x92\x99\x4c\x69\x80\x87\xd5\x1f\x26"
	"\x94\x3d\xa7\x37\xac\x1b\x4d\x62\x0c\xad\xba\xf1\xb3\x20\x19\x5f"
	"\x4c\x3e\xf7\x12\x14\x0c\xc7\xdf\x43\x42\x05\xa8\x8f\x1e\xbc\x08"
	"\x12\xa9\x66\x5d\x46\x8e\xde\xdc\xa6\xdc\x31\x0e\x1a\xbc\x9c\x74"
	"\x73\x04\xe1\x02\x79\x0d\x48\xd6\x33\xb3\x78\x3e\x5a\x76\x63\x17"
	"\x4c\xf6\xac\x5a\x42\x43\x06\x62\xbc\xec\xa3\x90\xbc\x67\xca\xc9"
	"\x0a\xcc\x52\x37\xfa\x3a\xe8\x50\xf8\x1a\x2b\x28\x89\x7b\x3b\x87"
	"\xdd\x58\x62\x52\xb8\x47\x2a\x28\x51\x2a\xee\x59\x1d\x70\x25\xae"
	"\x21\xb6\xa3\xa2\x6f\x18\x10\x93\x93\x3e\xd1\x53\x98\xd1\xbe\x19"
	"\x0d\xbb\x49\x14\x9d\x0b\xd2\xc3\x21\x13\x61\x4f\xe3\x45\x9e\x86"
	"\x7d\x23\x2c\x09\xc6\xdd\x14\x79\xca\x32\xcc\x88\x77\x53\xac\xc0"
	"\x8d\x87\x78\xac\x67\x9a\x37\xa8\x99\xba\xd1\x77\x37\x3d\x38\x58"
	"\xe5\x24\x6b\xf9\x50\x72\xf3\xfc\xfa\xb6\xfb\x36\xa0\xff\xfc\xd8"
	"\xed\x9d\x1c\x13\x84\xc2\xe5\x79\xb8\x3c\x9b\xf8\xd7\xd5\x22\xb9"
	"\x18\xbf\x4f\x32\xf9\x08\x09\xb8\x58\x6a\xe8\x8f\xcc\x4b\xaa\x09"
	"\x50\x35\x55\xae\x69\x6e\xa9\x58\x87\xba\x00\xb7\x46\x70\x76\xba"
	"\x23\x2c\x9c\x23\xfe\x0e\xad\x6a\xad\xd9\xec\x0d\x13\xf6\x2f\x2f"
	"\xfb\xc3\xd1\x49\xca\x05\xac\x45\x8a\x30\xba\x7b\x78\xd9\x3f\xee"
	"\x9a\xb4\x60\x27\x42\x6d\xee\xba\xfc\xda\x68\xbb\x39\xbe\x1d\x74"
	"\xe2\x4f\x83\xc1\x5d\x19\x6c\x0f\x87\xcd\x71\x33\xf8\x7b\x7f\xf8"
	"\x6b\x73\x00\x07\xf7\xe1\x75\xf0\xfd\x71\x33\x38\xfe\xb9\x1d\x6c"
	"\x9e\xc0\xdb\xdd\x6d\x8e\x8f\xdf\xb7\xaf\x83\xaf\x87\xcd\xf3\x16"
	"\xa9\x6a\xef\xd7\x78\x3b\x54\xc0\x41\xc9\x93\xe2\x62\x7c\x36\x19"
	"\x5d\x36\xdd\xa4\x1a\x7b\xde\x8b\x9d\x0e\xcf\xba\xb1\xa3\xcb\xe9"
	"\xf9\xb8\x13\x3b\x19\x0f\xcf\x3f\x77\x62\xa7\x9f\xcf\x7b\xfa\x9d"
	"\x4e\xa6\xdd\xd8\xd1\x70\x3c\x3d\x1f\x5d\x74\xa2\xa7\x67\x93\xf1"
	"\xb8\xb3\xe7\xd1\xe7\xe9\xd8\x61\x1e\x90\x15\x03\x78\x85\x1f\x8f"
	"\x27\xf6\xb0\x9b\xd8\x09\xb4\xef\xc6\x9e\x4f\x3f\x9f\x75\x62\x27"
	"\xc3\xd1\xc8\xe2\x8c\xfa\xb8\x88\x48\xbc\xe4\xc2\x9a\xda\x70\xf2"
	"\x2e\xc5\x65\x83\xe2\x3a\x8c\x60\x9f\x86\x27\x92\xe1\xf0\xec\xb3"
	"\x73\x40\x40\xb8\xc1\x01\xa8\xd5\x2f\x66\xf7\x99\xed\x65\xa3\x61"
	"\x8a\x19\x7a\x1f\xa7\x6e\xce\x46\x67\xc3\xe1\xc5\x70\xdc\x3f\x1a"
	"\x0a\xd1\xda\xa8\xb9\xd2\xd3\xa5\xf6\xc2\x1b\xd6\x15\x31\xa3\xb3"
	"\x12\xd5\xa1\xbd\x90\xe6\x6c\xea\xa1\x71\x28\x56\xc4\xf8\xcd\x93"
	"\xcb\x76\x0f\x15\x6e\x7a\xf1\x5e\xf3\xab\xc9\x65\x33\x72\xa8\x9a"
	"\xb6\x63\x0a\xd3\x62\x7a\x61\x45\x72\x10\xf7\xcc\x30\xbc\x4d\xc1"
	"\x6a\xa7\x9d\x19\xb3\x24\x68\x67\xec\x64\xe2\xbb\x3d\x49\x85\x4e"
	"\x99\x5e\x9d\x22\x8f\xd2\xe7\x44\x68\x43\x09\x02\xe9\x3c\x63\xfc"
	"\x6a\xfc\xf9\xcc\xba\xe3\xcb\xbd\x89\xdb\x05\x8f\x29\xe6\xdd\xb5"
	"\x33\xdc\xb8\x47\x04\x59\xf2\x6e\x04\xa0\xc6\x9f\x3b\x51\x93\xa1"
	"\x4f\x6b\x1b\x76\x96\xba\x5e\xdc\x5d\x8d\xac\x98\xc3\x4c\x7d\x21"
	"\xf0\xb2\xae\xeb\x76\xa0\x8c\xcf\x61\xf3\x75\x60\xee\xb9\x81\x35"
	"\xb3\x31\x0e\x37\x3a\xd2\x71\x93\x95\xbe\x3c\x06\x7c\xe9\x9b\x77"
	"\xa2\xeb\x00\xd9\xf5\x60\x62\x1a\xa8\xca\xa1\xf7\x75\x00\x81\x91"
	"\xf2\xb1\xaf\xcb\x0c\xb2\x28\xc5\x00\x8c\xd9\x09\x8f\x75\x23\x23"
	"\x51\x87\xc9\xf5\xe4\x17\xf9\x9c\xaa\x78\x16\x49\xdf\x35\x0b\x22"
	"\x8b\x2c\x01\xd9\x81\x78\x9c\x7a\x16\x26\x20\xb0\xbe\x05\x78\xc4"
	"\xb4\x91\x81\xd4\xb5\x31\x2b\x0c\x89\x49\xc8\xd7\x18\x2d\xc5\x26"
	"\x96\x6c\x9f\x1d\x88\x94\x74\x5e\x84\x71\x88\xab\x7d\x12\x4d\x03"
	"\x0c\x5b\x9d\x74\x0d\x11\x04\xef\x57\xfd\xb7\xc1\x25\xf2\x43\x37"
	"\xaa\x4b\x7a\x43\xfd\xee\x7e\x20\x88\x5c\x14\x61\x9e\xf8\x5d\xcf"
	"\x1b\xea\x3b\x7d\xe6\xb2\x07\xaf\xed\x50\xee\xb9\x00\x8f\x0d\x63"
	"\xf1\x3a\x0f\xa6\xef\xab\xca\x90\x0c\x02\x71\x1a\x77\xc8\xbb\x4e"
	"\x7f\x40\x34\x41\x52\x1d\x52\x81\x8f\x1e\x28\x2e\xbc\xf1\xa4\xa6"
	"\xa4\xf1\x18\x1c\x0a\xa4\x69\x66\x31\x0a\x29\x67\x61\x13\xa6\xc8"
	"\x7c\x8e\xa9\xf7\x30\x14\x05\x99\x59\xe9\xca\x84\x29\x36\xc7\xa8"
	"\x56\x66\xc0\x0d\x62\xb8\x72\x08\xa0\xaa\x81\xf7\xad\xc3\x67\x75"
	"\x61\xe5\xe0\x2d\xf1\x5a\x67\x05\x4d\xf2\xb8\x91\x7a\x09\xb2\xd1"
	"\xe7\xa2\xca\xee\x79\xf0\x92\x2a\x50\x6a\x3e\x4c\x39\x8d\x75\xa1"
	"\xd4\x4c\x0c\x61\x7f\x4f\xb7\xc8\x80\xf9\x7e\xf1\x69\x34\xd8\x1c"
	"\xee\xff\x7c\x3c\x42\x58\xf9\x86\x95\x52\x5f\x6b\xbf\xc6\xe1\x00"
	"\xe7\x81\x44\xe1\x2c\x69\xeb\xd9\x56\x67\x31\xc8\x23\x51\x3c\x61"
	"\x81\xc7\x9c\xac\x16\xb4\xe5\x52\x99\x91\x8c\x3f\x38\x92\x9c\xf0"
	"\x36\xdb\x0c\x0e\x78\xa7\xf5\x00\x61\xc4\xd2\xb1\xf6\xaa\xac\x68"
	"\x13\x04\xfa\x23\x87\xd8\x3d\x8b\xed\x33\x2f\x28\xd6\x76\x29\x57"
	"\x7b\x98\x6c\x1c\x5e\x21\x60\xa2\xd7\x07\x2f\x79\x09\x3a\x47\x4f"
	"\xb5\x4c\x7d\x1b\x1f\x75\x0f\xc3\xdc\xbf\x60\x20\x6f\x4d\x2f\x48"
	"\x42\x54\x06\x78\x77\x72\x9a\x1d\x8d\x98\xef\x02\x43\x67\xa2\xac"
	"\x34\x85\xbe\xd9\x5a\xd0\x38\x33\xd9\x19\xdd\xc9\xe2\xc7\xcb\xf6"
	"\xf0\xfd\xf1\x75\x7f\xb0\x7d\xdb\x7c\xd1\x76\x83\xf7\x7f\x6f\x0f"
	"\x83\xe7\xcd\x6e\xf3\x6d\xfb\xbc\xdd\x79\x46\x26\x73\x90\x68\xbb"
	"\xea\xa8\x04\x58\x77\x8b\xb5\xbd\x2c\x51\x72\xc9\x32\x9d\x88\xf6"
	"\x9f\x51\x36\x83\x73\xac\x65\xd5\x77\x09\x91\x14\x32\xa6\xd4\x4a"
	"\xc4\x54\x90\x32\x3d\x53\xeb\xab\x44\x5f\x81\x69\x9c\x9f\xd1\x9a"
	"\x2c\xa9\x2e\x31\x72\x98\x9d\xa0\x65\xf9\xdf\xd0\x61\x59\x63\xe7"
	"\x81\x97\xab\xc3\xab\x95\x59\xc6\x41\x85\x2b\xbc\x7c\x0a\xdb\x77"
	"\x99\x36\x15\x16\x18\x56\x0b\xd6\xb3\x0c\xed\x1e\x42\x3d\x48\x15"
	"\x2c\x42\x3e\xf7\x37\x0c\xe2\xa5\x33\xc8\x2a\x6b\x66\x8a\xbb\x9c"
	"\x83\xb9\xbe\x2e\x32\xbe\x46\xc5\x12\x45\x2c\x60\x98\x43\x2f\x4d"
	"\xad\x9f\x75\x83\x95\x67\xab\x9a\x14\x3c\x72\x6e\x9f\x9d\x05\x44"
	"\xd2\xb9\xdf\x70\x5b\x42\x82\xf7\x52\x92\x79\xbc\x83\x52\xda\x2c"
	"\x74\x55\x8b\x54\xca\x75\x72\x92\xeb\x53\x0d\x2e\xe0\xd8\xc3\xd3"
	"\xd6\x3a\x79\x58\x65\x13\xda\xcc\x2b\x88\xb9\x9d\xcb\xb0\x2a\x4e"
	"\xb0\x55\xa3\xb6\xea\x44\x34\xe7\xab\x22\x06\x7b\x40\x45\x57\x09"
	"\x4f\x45\x95\xd0\xd4\xf2\x0c\x43\x65\x30\x58\x73\x44\xa5\xa5\x98"
	"\x4f\x63\x1c\x84\x87\xc7\xef\xe6\x9e\xc4\xd6\x78\xc8\x94\xf9\x2f"
	"\xf0\xca\xc8\x49\x87\xcc\x15\x59\x2b\xae\x32\xd8\x84\x07\xce\x82"
	"\x45\x87\xed\x7f\xde\xb6\xbb\xfb\x1f\x83\xd7\xfb\xcd\x93\x53\xaf"
	"\x85\x93\x80\xc3\x7e\xed\xae\x10\x42\xf4\xb4\x88\x52\xa2\x30\xa5"
	"\x03\x4d\x34\xce\xcd\x03\x46\xff\xa2\xb5\x98\x1a\x53\x55\x45\x21"
	"\xdf\x8e\x7b\xdc\x77\x1a\xa1\x30\x4b\x70\xa0\x3e\xde\x04\xf5\xa7"
	"\xae\x1f\xf8\x78\x13\x9e\x86\x14\x06\x16\x7e\xbc\x05\xe0\xa0\x9b"
	"\x95\xce\xa5\x7f\xbc\x95\x76\xc2\xb1\x08\xa8\x43\xb4\x5a\x0d\xcc"
	"\x81\x92\xca\x3e\x93\xce\x66\x59\x8b\xea\xdd\x80\xff\x61\x0d\xff"
	"\x87\xb5\xfb\xf8\x9a\xf5\xad\x95\x8f\xf6\xb4\x42\x1d\xf3\x75\x16"
	"\xe4\x24\xec\x5f\x9b\xc2\x3e\x78\x68\x1f\x35\x20\x34\xeb\xab\xba"
	"\x86\x6c\xd0\x79\x92\xdc\x76\xc5\xc7\x3a\xe4\x8c\x19\xa6\x59\xab"
	"\x06\xfe\x63\x5b\x1d\x4b\x12\x24\xee\x89\xad\x10\x79\xe4\x44\xa6"
	"\x25\x34\xd3\xda\x03\x7c\xd9\xc8\x9f\x2a\xbe\xe6\x82\x5d\xfb\x7a"
	"\x36\xe5\x6c\x8f\x87\xe7\xbf\x37\x07\x5b\xd1\x58\x1d\x67\x32\x60"
	"\x45\xb4\x6e\xf8\x5b\x06\xac\xeb\x54\x3a\x33\xa6\x60\xba\x42\x5a"
	"\xe8\xfb\xa2\xa8\x4b\x36\x22\x26\x92\x35\xc4\x46\x18\xbc\x81\x6b"
	"\xdf\x75\xe1\xa3\x99\x25\x41\xe0\x4c\x7e\xce\xf9\x1c\x16\xb4\x62"
	"\xd1\x9a\x97\xda\x7e\x3b\x6c\x06\x5f\xab\xd9\x99\xbd\xb5\xb7\x16"
	"\xa3\x9c\x1c\x62\xbe\xbb\x2e\x27\xa4\xbc\x80\x14\xb7\x99\x5d\xca"
	"\x6f\x7e\x63\x68\x06\x91\xfc\xe9\xaa\xd3\x0a\x7c\x2a\xf4\xe7\xd1"
	"\xd8\xa0\xbd\x75\xf2\x15\xd5\xa8\xea\x86\x7a\xbb\xb0\xb1\x7d\x7d"
	"\x14\x5d\xa7\xef\x44\x3a\x69\x0f\xa6\x45\x95\x4c\x3e\xc6\x2d\x99"
	"\x7e\x88\x6e\xbe\xc0\x20\xf0\x23\x94\x81\x08\x26\xfe\x99\xb8\x74"
	"\x84\xca\xe6\xed\x72\x13\xe3\x5f\x2b\x1b\x0d\xe1\x75\xf2\x81\x2e"
	"\x90\x72\x16\x2f\x7b\x99\xe1\x95\x20\x12\xf5\xce\x6d\x01\x61\x3e"
	"\x19\x0f\x35\x71\x1f\x61\xc6\xe3\xdb\xd1\x64\xf8\xf9\x5d\xc2\xba"
	"\xff\x99\x6c\xc9\x7d\xf5\xe2\xc5\x8a\xa5\xb6\xbf\x3f\x6c\x5f\xb6"
	"\xbb\x07\xaf\x6b\xbf\x3c\xdd\x43\x9e\xba\xf9\x37\x84\xed\xe0\xce"
	"\xcc\xa8\xcf\xe4\xb4\xee\x2d\xf5\x11\xad\x3d\xc7\x3c\x85\x33\x35"
	"\x4f\x31\x3e\x0e\x02\xa7\x54\x73\x29\xa8\xf2\x36\x5e\xfa\xa1\x5d"
	"\xe4\x4e\xd1\x51\x9d\xc3\xd1\xf7\xe0\x0b\xce\x97\x0d\x24\x66\x48"
	"\xb0\x8a\x80\xcd\x73\x9e\x7b\xae\xae\x21\xa0\x30\x4e\x98\x79\xd7"
	"\xe0\x79\xc0\x80\x48\x2c\x44\x42\x07\xa7\x75\xe7\x8c\x89\x1c\xb0"
	"\xa6\x8a\x45\xb7\x55\xed\x5b\x9b\x00\x1a\x96\x09\x2a\xef\xc8\xcd"
	"\xfb\x25\xa9\x44\x1e\xa8\x62\xbd\x60\x8a\xba\xa5\xd3\x9a\x14\xc2"
	"\x48\x89\xd7\x1f\x26\x13\x54\xae\x6e\x41\xb2\xe6\x62\x94\x85\x3e"
	"\x36\xc8\x89\x05\x34\x04\xa2\xf9\x19\x74\x6a\xca\x0c\x7d\x55\x3e"
	"\xd8\x9b\x0f\xae\x03\x4d\x33\x02\xcc\xee\xf8\xa6\x53\x8b\x4f\x73"
	"\x64\x41\x5e\x98\xab\xf1\xc8\xbc\xc7\x71\x97\xc9\x6c\xad\xa9\xcb"
	"\x0e\x92\x0c\x2b\x16\x9a\xec\x4b\xc9\x2a\x57\x0a\x93\x8e\xcd\x99"
	"\x9a\x76\xe6\x2d\x56\x07\x2e\xe4\x79\x3b\x8e\xd0\x19\xbb\xb2\xc0"
	"\x83\x65\x41\x61\x1e\xb4\x54\x8f\xbc\x3c\xb3\x2c\x13\x6b\x60\x80"
	"\x62\xa7\xec\xb9\x0b\x6e\x12\x7a\xb8\x70\x20\xd4\x4a\x27\x9b\x1a"
	"\x09\x3f\xd9\x40\xeb\x27\x1b\x8d\x62\x12\x4f\xdb\x46\x23\x58\x1b"
	"\xde\x2a\xfb\x3e\x25\x2c\x63\x54\x48\xee\xcb\x3d\x97\x40\x2d\x58"
	"\x1a\xdb\xf6\x0e\x5b\xb8\x03\x71\x1b\xf4\xe6\x28\x5b\xc8\x2e\x13"
	"\x8f\x07\x14\xaf\x3b\xf0\x10\x2f\x9d\x0a\x23\x8d\xee\x78\x0e\xd2"
	"\xa0\xf2\x3c\x04\xe9\x50\x14\x29\x26\x95\x69\x99\xa3\xf5\x88\x91"
	"\x91\x48\xcc\xdf\xae\x9c\x82\x1e\x8d\x84\x48\xb5\xca\x4c\xd3\x00"
	"\xcb\xa4\xac\x04\xa0\xce\xf8\x48\x9d\x91\xc5\x0a\x48\xac\x9c\xf1"
	"\xa8\x03\x8d\xaa\xd2\x44\xbe\xae\x9d\xda\xa5\x06\x03\x17\x57\x17"
	"\x3d\x79\x5a\x5b\x05\x4b\x5d\x4c\x6c\x92\xba\xee\x29\x88\xb1\x0a"
	"\x07\x4b\xe0\xc1\xb7\x0a\xad\xc6\x1c\x9f\x31\xb2\x79\x19\x75\x5b"
	"\xd7\x5e\x25\x9f\x12\x6f\x8a\x51\x5a\xd8\xc9\x78\xc6\x4c\x66\xd9"
	"\x37\x69\x5c\xea\x93\x08\x9d\x8a\xfa\xda\xb0\x5a\xab\x2a\x50\xcf"
	"\xaa\x4a\x08\x8b\xf5\x8d\x7d\x28\x3a\x51\xcd\xe6\x55\x96\xce\xd3"
	"\xdc\x87\x12\x34\xd2\xc2\xd5\x28\x65\xb5\xee\x12\x60\xd3\xc1\x99"
	"\x29\x73\x86\x58\x93\xe3\xe9\x1b\xb0\xe2\xf4\x46\x35\xe0\xab\xdf"
	"\xcd\xe3\xdf\xbf\xcc\xdd\xf2\xcb\x61\xff\xf5\xd1\x8d\xbf\x4f\x2d"
	"\x91\xba\xac\xc4\xa3\x6e\xe1\xa9\x29\x8e\x02\x55\x82\x37\x50\xcc"
	"\xee\x16\xeb\xd2\xb0\xb6\xd6\x36\xa5\xba\x3a\x55\x62\x35\x65\xfd"
	"\x26\xb7\x14\x5f\xfb\x04\x97\x4b\x60\x52\xf3\x31\x27\xbe\x34\x55"
	"\x49\x93\xa7\x88\xef\x6c\x6c\xd0\xfe\xe6\xa5\x9e\xf5\xf5\x2c\x45"
	"\x70\x7a\x53\xdb\x51\xcc\x5c\x51\xb2\x79\x1f\x1a\x65\xb0\xb3\x7e"
	"\x03\xf6\x3b\x81\x11\xc2\xb9\x0d\x8b\x25\x56\xef\x76\x4e\x53\x9a"
	"\x47\x52\x31\x38\x1a\xb6\x2f\x30\x2b\x9f\x08\x59\x75\xf2\x32\x90"
	"\x0c\x36\xfa\x3a\xa7\xd2\x29\xea\xac\x6a\xe8\x67\xb2\xe3\x9d\x5a"
	"\x8d\x6f\xbc\x96\x6d\x91\x60\x78\x35\x17\x4c\xdd\xf6\x52\xe1\x6d"
	"\x4a\xd8\x4b\x01\x1e\x08\x87\xf8\xb4\xf3\xe5\x1c\x3e\x9a\x31\xc9"
	"\x69\x63\x18\x45\x27\xd9\x7a\xa6\xba\x59\x98\x97\x1b\x0c\x5f\xb3"
	"\xd1\x34\xe8\x1e\x34\xee\x02\xcf\x48\xdc\xf1\x00\x01\x2c\x14\x8e"
	"\x04\x58\xa0\x3f\xec\x28\x1a\x2f\x1a\x2f\xc0\xe3\xf2\x3d\x8f\x49"
	"\x78\x6f\x0e\xc7\x47\xf4\x83\x07\xea\xc7\x8b\x7d\xc1\xa0\x8b\x62"
	"\x75\x93\x2a\x7f\xeb\x44\xbe\x01\x17\x69\x4d\xe3\x0f\x7c\xd9\xcd"
	"\x3b\x14\x5c\x46\xef\xf1\x48\x40\x83\xbe\x47\xa3\x88\x60\xef\xd0"
	"\x24\x24\xf0\x53\x54\x78\x19\x62\xfa\xa0\xa2\x70\x64\x54\x86\xf8"
	"\x2a\x71\xd9\x8a\x02\x6a\xe6\x2c\x85\xa9\xca\x7c\xd6\x3f\x06\x7c"
	"\xba\x28\x98\x2c\x6e\x2e\xce\xde\x19\x6d\x0e\xfc\x74\x32\xa0\xbf"
	"\xdf\x38\x4c\xde\x61\x24\xe7\xef\x2d\x4c\x1e\xc3\x79\x7f\x6f\x9f"
	"\x64\xfe\xde\x5e\x2f\x21\x08\x23\xbd\x2b\x4c\x23\xe6\x5f\x5f\x7c"
	"\x63\x7f\x76\xf1\x0e\x7f\xeb\xc8\x75\xf6\xa0\xf5\x4e\xeb\x3e\xc8"
	"\x40\x4b\x1f\x0d\xac\x59\xcc\xe7\xa7\xe7\xef\x5c\x3f\x5e\x7c\xc0"
	"\xd7\x8b\x96\xe4\x33\x6e\x2e\xfb\x53\xce\x9d\xfb\x95\x0a\x1e\x42"
	"\x84\x12\x37\x0a\x44\x1b\x24\x41\x74\xed\x3e\x80\xbb\x2e\xaa\x03"
	"\xdf\x7a\xe1\xd6\xf8\x36\x41\xa3\x69\x05\xc6\xc1\xf4\xb4\x2a\xf9"
	"\x5e\xfd\x7c\xff\xf5\x3f\xa7\xe7\x46\xc9\x75\x6b\xcc\x96\x7f\x56"
	"\x23\x97\xb7\x33\xf7\xde\xaa\x42\xcc\x22\x6f\x7a\x4e\xa6\x56\xcd"
	"\x0c\xc8\xaa\x51\x32\x32\x63\xa9\xb6\x6c\xdd\x05\x12\xe6\x26\xb4"
	"\x10\xc9\xda\x7e\xf2\x83\x2f\x5d\x74\x63\xd0\x35\x7c\x9d\xda\x91"
	"\x82\x29\xd8\xee\x40\x9a\x8d\xf5\xe3\x4c\x21\x23\x98\x75\xfd\x79"
	"\x86\x50\x93\x35\x6e\xbe\xba\x31\xcd\xc6\x62\xed\x6f\xda\x82\x9b"
	"\xe1\x66\x02\x9f\x3d\xaf\xfd\x85\x0e\xe5\x73\x97\x62\x2d\x48\x96"
	"\xd9\x23\x9e\x2f\x59\xb1\x60\x21\xde\xc1\x87\x78\xa9\xa1\xa1\xd2"
	"\x8b\x87\x80\x14\x7d\xc1\x3e\x92\x2a\xe1\xd2\x43\x22\xb5\xcb\xdb"
	"\x8f\xc7\x8a\xc3\x3e\x1a\x2c\xe3\xe9\x25\x28\x33\x8b\x7e\x1a\xac"
	"\xfa\x0f\x6e\x8b\x35\x46\x3b\xb0\x26\xcd\xe7\xcf\xf6\x58\xf0\x51"
	"\x66\xf2\x4e\x4f\x21\xe5\xb3\x3c\x1a\xf7\x52\xe5\x72\xd6\x3f\x69"
	"\x8e\x75\xfe\xf2\x9d\x49\xe7\xbd\x78\xfd\xf9\x09\x2f\x9e\xe0\x35"
	"\x2a\x6c\x4b\xc4\xec\xa7\x5e\xa7\x7b\x63\xad\x94\xe8\x3f\xdb\xfb"
	"\xb7\x23\x3e\xa4\xd6\x9f\xd9\x19\xe8\x17\x43\x47\x4b\x3d\xcd\x58"
	"\x1a\x25\x58\xf1\x11\xb5\x82\x0a\x1f\x0a\x7e\x94\xaf\x9f\xac\x57"
	"\x3c\x68\x5a\x30\x35\x51\xa9\x0f\x8c\xc2\xca\x47\xe5\x3e\xc5\x6a"
	"\xd8\xca\x40\xb0\xcc\x75\xdf\x0c\x22\x61\x32\xf0\xde\xcc\x0b\x5a"
	"\x26\x46\xf4\xcc\x92\xed\xf3\xfe\xf0\xc3\xba\x84\xf4\x5c\xae\x7b"
	"\x0b\x98\xea\x24\x79\x59\xbd\x94\x90\x34\xf7\xba\x44\x75\x81\x94"
	"\x21\x69\x7e\x96\xc3\x79\x9c\x60\x22\x58\xd3\x55\xa6\xbf\x25\xa2"
	"\x3c\xf4\x58\x2d\x21\xa8\x1d\xa6\xd5\xa8\x95\x49\xd6\xb7\xaa\xa9"
	"\x5a\x14\xed\x4e\x1b\x4e\x72\xca\x8b\x19\xe7\xca\x19\x5f\x39\x34"
	"\xfb\x93\x07\xb5\xcb\xe1\xbc\xeb\xf0\xae\x44\x0c\xf1\x65\xa6\x8c"
	"\x4d\xc4\xc2\xbc\xa9\x23\x2c\x8d\xa8\xd4\xf3\xa5\x95\x6c\x71\x2b"
	"\x4d\x61\x8f\x3a\xbd\x5b\xaa\xed\xbd\x4c\x7a\xac\x91\x5e\x14\xf0"
	"\x8a\x74\xf3\xab\xe9\xf0\xf2\xcc\x6f\x0f\xca\x59\x44\x84\xc5\xb9"
	"\x2b\xa2\x2e\xa6\x23\x4e\x69\xe7\x2e\xfc\xbe\x43\x4c\xc1\x7f\xc5"
	"\x02\x33\xff\xcd\x8b\xe0\xa9\xc2\xf7\xf4\x3e\x11\xd6\x2f\x71\x2d"
	"\x2f\x84\x74\x3e\xc8\x46\x1c\x0c\x86\x48\x7c\x0b\x55\x3f\xe1\xc9"
	"\x38\xf7\x3b\x6f\x77\xb3\xdc\xe7\x06\xdc\xc9\xa4\x51\x3c\x58\xbd"
	"\xa1\x49\xf4\x8b\x7f\xa7\xf4\xa1\x22\xd6\x17\xcb\x7e\xd7\xb4\x7a"
	"\x09\xd8\xa4\x68\x24\x76\xf5\xf3\x1d\xb0\xfb\x20\xe9\xa4\xf1\xa9"
	"\x80\x88\x0a\xe1\x26\x1a\xf5\x13\x67\xff\xf7\x47\x74\x7e\x18\x49"
	"\xaa\xec\x95\xaf\xb6\x4d\x10\xfc\x88\x4d\x95\xbb\xb3\x3e\xf1\x20"
	"\x30\xaf\xa5\x3f\x3a\xe2\xf3\xad\x20\x88\xa1\x18\xa9\x27\xe4\x86"
	"\x25\xb9\xff\x1b\x08\x21\x13\xa8\x40\xe0\xaf\x98\x40\x18\xab\x33"
	"\x03\xba\x1a\x17\x7c\x84\xf8\xd6\x0e\xf9\xf1\xa3\x10\xb4\x20\x29"
	"\xc6\x44\x4c\x97\x26\xe9\x26\xf6\x17\x0d\x50\x94\x09\xb8\x6d\x60"
	"\x08\xa7\xcb\x99\x95\xbd\xc7\x9e\xf5\x17\x02\xae\x86\xff\x4c\xa2"
	"\xfa\x35\x1f\x26\x92\x40\x8b\x96\x6d\x4c\x35\x8d\x55\x73\x6b\x7d"
	"\xdd\xc1\xd0\xa1\xca\xf5\xd5\x95\xe0\x02\x82\x3a\xb0\xf3\xde\x35"
	"\x0c\x47\xca\x45\xd8\x10\x85\x39\x7e\x41\x00\xe2\xbc\x45\x42\xc4"
	"\xb2\xef\x69\x6c\x56\xd6\xe4\x99\x07\x8f\x75\x2c\x41\xf4\xbb\x4b"
	"\x30\xd7\xb7\xf8\x15\x90\xc8\x5b\xbe\xb1\xc8\x88\x5b\x3d\x89\x6f"
	"\x15\x15\xf5\xaa\xe2\x46\x6a\x14\x7a\xcc\xab\xa7\x73\xd8\xac\x51"
	"\xbe\xfa\x1e\xbe\xfa\x58\x4d\x6b\x97\x52\xa7\xd0\xc2\x98\x41\x80"
	"\x81\x47\xba\xc4\xf7\x46\xb2\x2c\xe4\xb6\xbe\x65\x00\x0b\x27\x1c"
	"\x99\x41\x20\xad\x60\xda\x52\xa5\xdb\x23\x3e\x49\xc0\x8b\xf0\x96"
	"\x89\x02\xd5\xb9\x74\xbf\x0b\x61\x20\xb0\x76\xc4\x27\xed\x18\xcb"
	"\x39\xde\x32\x38\xbb\x41\xe2\xbc\x69\x46\x58\xb3\x75\xad\xe6\x62"
	"\xdf\x61\xb8\x89\x84\xb5\x08\xff\xa5\xec\xda\x9a\xdb\xc6\x95\xf4"
	"\x5f\x51\xe5\x61\xeb\x9c\xaa\xb3\x1b\x49\xb6\x65\xf9\x54\xcd\x03"
	"\x48\x82\x12\xc6\xbc\x99\xa0\x6e\x7e\x61\x39\x89\x67\xc6\xb5\x49"
	"\x3c\x15\x3b\x73\xce\xee\xaf\xdf\x6e\x80\xa4\x00\x10\x0d\x6a\x1f"
	"\x26\x63\xa1\x9b\xb8\x5f\xba\x1b\x8d\xaf\xf1\x97\x7a\xce\xe8\x24"
	"\x75\x2f\xe9\xcd\xa4\xe1\x16\xda\xac\x81\xa2\x80\xfe\x8a\x57\x3b"
	"\x22\x3e\x11\xe5\x75\x87\x04\x77\x72\xc4\xf5\x2a\x64\xa3\x3d\x1c"
	"\xad\xa2\xaa\xce\xdd\xd6\xe8\xe7\x7b\x6e\xbd\x70\xec\x92\xfa\x9c"
	"\xfd\x0e\xb2\x49\xa5\xd0\x2e\x38\xb1\x2b\x98\x13\x40\x54\xda\x49"
	"\xc9\xc6\xb7\x82\xd4\xc1\x07\x0d\x96\x66\xe3\x28\x3b\x78\x41\x11"
	"\xa1\xd9\x8b\xd3\x7b\x4f\x75\x76\x7e\x52\xbb\xb1\x74\x72\x50\xd9"
	"\x76\x3c\x8c\x00\x39\x19\xd8\xf6\xbc\x8e\x4a\xc9\xfd\xe5\x54\x45"
	"\x65\xd5\x1c\x7e\xb7\xc9\x36\x1e\x27\xa2\xbc\x30\x4e\xad\x59\xed"
	"\x74\xb9\xa8\xc4\x28\x65\x83\x02\x20\xcf\x77\x47\x97\x80\x10\x19"
	"\x85\x2d\x74\x0d\x5f\x50\x8d\xca\x55\xab\xfc\x86\x83\x13\xa8\x22"
	"\x65\x79\x2f\xbc\xcf\x21\x74\xce\xfb\x46\xd8\xb5\xd8\x25\x54\x35"
	"\xd2\xd2\xff\x3e\xb0\xa3\x9d\xeb\x4f\xcd\x94\x96\x6d\x4d\xa0\x0e"
	"\x5c\xf8\xd2\xd6\xf1\xbb\xb4\xb6\x4c\x53\xc2\x46\x2b\x74\xb5\xed"
	"\xb9\xad\x12\xd5\xac\x1f\x6a\x6e\x52\xbc\x89\x7a\x4d\xe1\x73\x5a"
	"\x2d\xca\xd8\x6f\xa2\x1d\x8e\x70\x06\x11\xe7\xee\xb7\xb8\xa1\xb8"
	"\xb5\x88\x2b\x5f\x32\xf6\x77\x97\x6c\xf7\x43\xcd\x0e\xd4\xae\x36"
	"\x14\x01\xd3\x08\xaf\xd9\x8c\xa3\x15\x4b\x81\x3f\x37\xa6\xdd\xd0"
	"\x25\x45\xe6\x4d\xd1\x90\x1a\xef\xfc\xe9\x07\x28\xe2\x50\x96\xc9"
	"\x2f\xdf\x46\xa4\x2d\xfc\x05\xc9\xe7\xdd\x72\x20\x48\xf8\xd3\xbf"
	"\xa1\x0e\x2c\xa7\x28\x63\x61\x96\x3d\x68\xa8\x32\xcc\x52\xec\xc3"
	"\x74\x54\xf7\x71\xc7\x08\x73\x65\xd5\x54\x45\x8a\x32\xcc\x71\xe2"
	"\x6c\x1b\xe6\x10\x19\x9c\x8a\xa5\x98\x68\x4f\x12\x4f\x76\x5c\x9c"
	"\xf8\xa6\xc4\x79\x70\x23\xe3\xd0\xe9\x55\x02\x3d\xb2\x23\xb3\x96"
	"\x1a\x72\x6f\x69\xc3\x87\x51\x1d\xa4\xd7\x4e\xcf\x38\xe4\xbe\x56"
	"\xbf\x7c\xf8\xf4\xf2\xf9\x83\xdd\x98\x3c\xb9\x71\x2e\x4a\x86\x4d"
	"\x6d\xbf\x32\x77\xd6\xfd\xaa\x3b\x37\x50\x4f\x4c\x7d\x14\x85\xb8"
	"\xea\x10\x34\xae\x0e\x9e\x8c\x6d\xc2\x12\x7b\xd1\xad\x46\x3b\xd1"
	"\xca\xb7\x15\xad\x2e\xd8\x8b\x56\xe3\xcd\x08\x4b\xcf\x45\xb5\xb2"
	"\x0f\x29\x48\x14\x19\x23\x73\x21\x77\xaf\x15\x91\x3a\xb9\x7f\xad"
	"\x26\x36\xb0\xd5\x78\x07\x73\x5a\x7f\xa6\xab\x5e\xee\x90\x8a\x28"
	"\x2f\x35\xd5\x44\xeb\x38\x51\x29\xd2\x56\x5d\xfb\xb4\x76\x55\x27"
	"\x54\x26\x45\x22\x64\x0c\x4a\x79\xc2\x9b\x53\xc5\x9d\xfc\xc6\x67"
	"\x93\x4a\x76\x4e\x48\x6b\x2c\x42\xb2\x03\xd6\x66\x17\xe1\x4d\x9a"
	"\x24\x4e\x58\xcc\x81\x3e\x63\x75\x0e\x7c\xb3\x6a\xb3\x83\xae\xda"
	"\x04\x1b\xa8\x08\x31\x75\x8c\x52\xae\x4e\x40\x42\x20\x62\x74\xe9"
	"\x40\x05\xc3\x39\x98\x15\xa9\xda\x9e\xb4\x27\x73\xc3\xf2\xca\xaf"
	"\xf9\x01\xab\xeb\x0b\x32\x24\x99\xc7\x45\x07\x0f\xfd\xe3\x19\x25"
	"\xf1\xdf\x5e\xf0\xbd\xf0\x08\x42\x7a\xf4\xbd\x4f\xae\xef\x48\x9d"
	"\x42\xe0\x23\xa5\x2c\x17\xa0\xf9\x6a\xa9\xc9\x6c\x93\xfd\x29\x85"
	"\x92\x39\x66\x54\xb6\xe1\x40\x25\x5a\x7d\x01\x11\x28\xaa\x94\x3e"
	"\x94\xb8\x02\x41\xa4\x8a\x42\xe9\xd5\x46\xf6\xa9\xc6\x78\x1c\xc1"
	"\xac\x76\x04\xc8\x33\xe1\xfb\x60\xc5\x31\xd7\x1e\xbb\xd4\x53\x56"
	"\xdb\x8d\xb7\x8f\xe4\x9b\x0d\x26\x1d\x6f\x5b\xe5\x44\x5b\x94\x6a"
	"\x67\xbe\x1a\xb4\x88\x63\x10\x24\x8b\x8c\xf3\x0d\x16\x86\x7f\x36"
	"\xbb\x8c\x6a\x62\x4e\xd5\x46\x2d\x00\xa7\x36\x0d\xd6\xb1\x29\xe1"
	"\x68\x34\xc5\x70\x93\xb2\x31\x6d\xfd\x26\x41\xc6\x0d\xf1\x09\x48"
	"\x5d\x99\x68\x38\xd1\x6e\x86\xae\xe1\x8c\x20\xa6\x6e\x9e\x03\x65"
	"\x7b\xb5\xbc\x22\x48\xa2\x8e\x09\x8a\x07\x11\xd8\xa2\xc3\x54\x89"
	"\x44\xe9\x02\x08\xda\x13\xa1\x98\xee\xd9\xaa\x22\xab\x2d\x99\xfd"
	"\xb6\xd7\x26\x8a\xc9\xac\x9b\x74\xdc\xcb\xe7\x35\x1f\x58\x6a\x9b"
	"\x6c\xc7\x5b\xff\xc2\x4e\xdb\x82\xd9\x3d\x52\x28\xd3\x02\xb7\xb0"
	"\xc0\xba\x64\x62\x7e\x9c\x49\xbe\xd1\x3e\x53\x47\xb3\x04\x49\x9e"
	"\x29\x80\xc9\xa9\x87\xd5\x1d\x5b\x4c\x6b\x7c\x8c\xf8\xfe\x13\x0d"
	"\x64\x4e\x67\xeb\x63\x29\xb8\x4b\x1c\x87\xa3\x4b\x6d\xce\x47\x75"
	"\x43\xf1\x36\xfb\xfc\xfa\xed\xd3\xcb\xf7\xe7\x2f\xb3\x6f\xaf\x78"
	"\x8d\xfa\xe6\xdb\x98\x8f\x8d\xbb\x87\x98\x24\x1c\xc5\x8e\x6c\xe5"
	"\xfc\xfe\xf4\xe3\xf7\xe7\x77\xeb\x05\x82\xf5\x5d\x83\x06\xab\x46"
	"\x83\x9a\x53\xa7\xd9\x88\x5b\xf9\xe9\xcb\x5d\x3e\xd1\xd4\x81\x3d"
	"\x63\x52\x8a\xf4\x44\x54\xbd\xe7\x3a\xb7\x60\x82\xeb\xbc\x5f\x86"
	"\x18\x1b\xff\x9c\x3d\x73\x24\x92\x90\xd0\x7d\xcc\xdb\xec\x72\x56"
	"\xc2\x76\xe8\xe3\x45\x4b\xaf\x42\x1c\x9c\xaa\xac\x1f\xcb\xd9\xcb"
	"\x59\x6e\xc2\x3d\x13\xe8\x3b\x7b\xad\x7a\xbe\x2d\x10\x43\xb2\x9a"
	"\xe0\x49\x27\xab\x50\xa4\xfd\xf9\x1e\x6c\x74\x51\xaa\x8d\xe9\xe2"
	"\x9e\x47\xe3\x97\x3f\xc0\x82\x97\xdb\xb7\x8a\x3d\x7c\x90\xe7\x85"
	"\x39\xa2\x77\xf9\x71\x62\x9a\x3b\xb0\x9e\x3e\x96\x8b\xe6\x37\x68"
	"\x5e\xb9\x94\x93\x75\x8f\x2b\x90\xf6\xd1\xf9\x70\x0c\x05\xd4\x6f"
	"\x11\xdf\x9e\xde\x3f\xff\xf1\x4c\x6f\x11\x39\xbe\x0a\x55\x77\x50"
	"\x28\xc5\x4f\x75\x85\xe6\x76\x50\x78\x3d\x1c\x63\xc8\xe4\x20\x77"
	"\xb6\x93\x8d\xd7\x98\xee\x63\x06\x31\xce\xba\x85\xf4\xf2\x14\x45"
	"\x74\x6a\xb8\x9c\xe4\x72\xfc\xce\x29\x2e\x75\x4b\x31\xc5\x15\x18"
	"\xd6\x33\x53\x2f\x9b\x06\xfb\xa3\xda\x5d\xda\x75\x78\x9c\x5e\xcc"
	"\xcb\xf7\xff\xaf\x61\x71\xb7\x50\x9a\x93\xc7\xc5\x44\x93\x40\x45"
	"\xbf\x2c\x2b\x7c\x03\x34\xdd\xdd\xfa\xe9\x7a\x98\x25\x9b\xa8\x92"
	"\xb6\x08\x5c\x56\x2b\x51\x81\xf6\xbe\xe1\xc1\x02\xb3\x65\x53\x85"
	"\x19\x78\xb1\x69\xb6\x61\x96\xc9\x96\x83\x5e\x3a\x41\xaf\xa7\xa6"
	"\x97\xd6\xb4\xcb\xba\xb9\x74\x22\x14\xa9\xab\xd9\x85\xb8\x09\xd5"
	"\xcc\xc3\x68\xbb\x23\x79\x38\xf4\x55\x4b\x98\xe5\xbe\xb1\xcd\x0f"
	"\x1e\x9e\x87\x5d\x69\x81\x7f\x13\x1c\xcb\x0b\x58\x68\xcd\xd4\xc3"
	"\xa8\x1d\xd8\x2f\xed\x37\xcf\xf9\x16\x64\xe7\x2c\xcb\x2f\x67\x8e"
	"\x79\xd1\x5c\x36\x2c\x8e\xa0\xed\x61\x28\xbb\xdb\xbd\x00\x4b\x63"
	"\xdd\x81\x11\x1c\xca\xee\x37\xc1\x55\x3b\x77\xb8\x1e\x26\x7d\x58"
	"\x5e\xd6\x38\xfb\x31\x81\x87\x61\x77\xb5\x74\xae\xad\x24\x6f\xa8"
	"\x5b\x9d\xfd\xf8\x3d\x9d\xa8\xfe\x79\x81\x41\x26\x45\xdb\x6b\xcd"
	"\x94\xc5\xe9\xda\xd2\x40\x74\xe7\x8e\xd3\xb5\xf4\xd1\xa7\x9b\x8a"
	"\x49\x82\x2e\x93\x90\x4c\x29\xf8\x38\x11\x59\x4d\xe8\x87\x48\x1c"
	"\x95\x55\xf3\x5f\xd1\x41\x60\x94\xae\xd4\x28\x5f\x62\xce\x24\x88"
	"\x7c\x35\xc3\x17\xbc\x3e\xba\xdf\x00\xa0\x28\x95\x47\x03\xb3\x35"
	"\x74\xe8\x67\x48\x17\xd5\xa0\x5c\x59\xe9\x9d\xfc\xb2\xf5\xa7\x3b"
	"\x07\x93\x49\xaa\x2b\x3d\xf4\xfe\x1b\xc6\x81\xad\x31\xa1\xdd\x35"
	"\xc1\x35\xcf\xe9\xd4\x41\xee\xfc\xd5\x91\x3a\x2d\xb2\x3c\x15\x6a"
	"\x20\xc9\x52\x2d\x21\xdd\xfa\xf4\xdc\xc9\x04\x83\x2b\xbe\x3b\xf5"
	"\x1a\xe4\x61\xa7\x95\xc5\xc6\x0e\x24\x64\x7d\xd6\x89\x66\x04\x24"
	"\xa8\xc5\x0a\x7d\x3d\xcd\x04\xdd\x49\x36\xbd\x66\x07\xb7\x76\x20"
	"\x2c\xef\xf0\xbd\x82\x9b\x0e\xf3\xd9\x3f\x1d\x58\x3f\xac\x1e\xc2"
	"\xb9\xad\xdd\x4a\xfd\x6b\x75\xd9\x5a\x3d\xaf\xc9\x15\xb1\x26\x57"
	"\xfe\x35\xb9\xf2\x2f\xba\xf3\xfa\x5a\x8d\xac\x94\x9e\xcc\xba\x65"
	"\xb7\xf2\x76\xdc\xca\x59\x1c\x46\xb7\xaf\xcc\xf5\x41\x0c\x8d\xc1"
	"\xc3\x77\x82\x78\xef\x6d\xb1\xe1\xb6\x35\xcd\x85\x7a\xc9\x34\xd7"
	"\x36\x9b\xe6\xc1\x96\x6b\xb7\xcb\x69\xde\x7c\x4b\xf7\x91\xbd\xea"
	"\xc9\x9e\xaa\x9b\xe9\x62\x64\x1d\xec\x4e\xaf\x51\xc1\x66\x19\xcf"
	"\xd1\xd5\xc4\x1e\xb2\xba\x74\x13\x59\x59\xab\xda\x4e\xd6\x2b\xcc"
	"\xcd\xb5\x5f\x64\xa1\x36\x15\x8c\x30\x00\x9e\xcf\x31\x6b\xda\x46"
	"\x9e\xdd\xd5\xdc\x11\x48\xbd\x05\x0f\x5c\x10\x40\xfc\x51\x46\x88"
	"\xb0\x36\x0d\x15\x7e\x90\x35\x3e\x2b\x56\x27\xa8\x9f\xdd\xba\xe0"
	"\x77\xbb\xf7\xa3\x42\x47\xb5\x48\x36\x9c\x7a\x86\xaa\x2e\xf8\x25"
	"\x73\x5d\x30\x20\xc9\x9b\xd9\x3e\x63\x45\xbb\x9e\x2f\x17\x0f\xc4"
	"\x6d\x6d\x5c\x10\xb2\x46\x96\xc5\x4b\xea\x5d\x0f\x01\x27\x70\x5c"
	"\xfa\xc1\xb7\x33\x56\xf9\x1f\x89\x55\xdb\x92\x2a\x7e\x95\x95\x87"
	"\x8a\x11\xdb\x3b\xe7\x1c\xdb\x74\x73\x4d\x78\xaf\xf4\xa1\x8e\xd4"
	"\xa6\xfb\xf0\xf3\xf9\xe7\xf3\xcb\xf7\xdf\x3f\x76\x8f\x4a\xf4\xa3"
	"\x45\xab\xf7\x24\x6a\xc0\xd1\x03\x9d\x5b\xbb\x6d\x22\xb7\xcb\x55"
	"\x72\xea\x75\xb1\xee\xc9\xf8\xe4\xc0\xf7\x99\x52\x87\x1e\x48\x9f"
	"\x19\xa9\xc4\xe7\x24\x48\x97\x69\x34\x41\x0f\xe7\xdf\xf0\x87\x2c"
	"\xcc\x10\xa5\x41\x7a\x1c\xc9\x20\x1d\xe4\xdc\x20\x7d\x33\xd5\xc2"
	"\x44\xd2\x76\x4f\xc5\x00\xff\xe7\xb9\xaf\x7b\x93\xba\x0e\xe6\x9c"
	"\x3f\xe0\xc0\x84\xbb\xef\x3e\x9a\xe4\x89\xb7\xe5\x3d\x0f\x72\x3c"
	"\x4c\x0c\x42\x8c\x9e\xf4\x41\x8e\xf4\xe1\x02\xa6\x98\x4d\xd4\x63"
	"\xa2\x1a\xdb\x6d\x78\xa8\x2a\xc1\x03\xc3\x70\xbe\xe0\x1d\x7f\x98"
	"\x11\xc0\x72\xc3\x48\x8d\x41\xdc\xf4\xda\xfc\xfa\xf4\xf6\xf6\xf2"
	"\xdb\xcb\xe7\xf1\xb5\x32\xc8\x87\x8e\x93\x28\x24\xe0\x5b\x61\xdb"
	"\x93\xa5\x27\x34\xb1\x28\x12\x7e\x24\x6b\x81\x3c\xea\x12\xff\x3a"
	"\xc8\x92\x1e\x88\x1e\x40\xa2\xa3\xc0\x75\x49\xa3\xb8\x62\x23\x06"
	"\x77\x7e\x8f\x2b\x26\xf7\xd5\x24\xc3\x2a\x5c\x71\xd8\x47\x83\x0c"
	"\x64\xa8\xb9\xa1\x6b\x47\xa6\xd7\x21\x63\x5e\x07\xb3\x56\xa2\x8b"
	"\x3f\x32\x94\xf2\xe7\xcb\xed\x40\xb8\xe7\xb4\xee\x3d\xbd\x19\xf0"
	"\xd8\x20\xc6\x39\xdd\x29\x1d\x8b\x32\xc5\x06\x8b\x75\x07\xcd\xa0"
	"\xe4\xbc\x61\x53\x05\x20\x14\xc4\x14\x0f\x88\xc8\x81\x6e\x65\xb1"
	"\x6d\xcf\xc0\x04\x6d\x7d\xe2\xe3\xf4\x0d\xb3\x85\xb3\x0d\xd3\x17"
	"\xd6\x11\x51\x00\x92\x73\x81\x0f\x04\xdc\x36\x22\x45\xb2\xbc\xca"
	"\xe8\x1d\x83\x29\x45\xa1\x09\xd2\x0b\x16\xa6\x57\x3c\x70\xff\xa7"
	"\x2b\x21\x02\xc3\xa8\x18\xee\xa3\xc9\x4c\x62\xe7\xd2\x70\xc4\x80"
	"\xf2\x4f\x90\x01\x66\x77\xb8\x84\xce\xca\x3e\x55\xd5\xbc\x4c\xc2"
	"\x1d\x9a\x86\x3b\x5c\xbb\x08\xa1\xd7\x75\x70\x49\x89\x22\x09\x6c"
	"\xc5\xa9\x48\x2d\x79\x23\x89\xfd\x42\x42\x52\xa0\xcb\xbe\x2c\x31"
	"\x16\xb8\x5f\x06\x05\x31\x96\xa9\x27\xe6\xfe\x07\xe2\x15\x2f\xf6"
	"\xf2\x20\x60\x96\xfb\xa5\x4e\x8f\x63\xb8\xe5\xce\x84\x97\xfc\xa4"
	"\x6b\x3d\x4c\x4e\x5a\xb4\x28\xa4\xbf\xc8\xad\x0c\x9c\xf9\xaa\xa6"
	"\x8e\xc3\x8d\xc5\x91\x5d\xa1\xad\x03\xad\x72\x21\xae\x22\x96\x3e"
	"\xa8\xdb\xfb\xa2\x3c\x02\xcd\x70\xfc\xaf\xcd\xd8\xa3\x75\xaa\x82"
	"\xf9\x9a\x77\x3e\xc7\x4a\x7a\x62\x4a\x62\x11\xa4\xd0\x61\xf0\xe8"
	"\xeb\x6f\x6a\x1e\xd4\x18\x52\x56\x9e\x5a\x3b\x2e\x5d\xf4\x30\x0e"
	"\xe5\xe6\x28\x4f\x68\xf9\xe4\x2c\xf7\xc0\x27\x98\xee\xdc\x19\x86"
	"\x10\xef\xae\x0c\xcc\x47\x19\xb3\xf7\xe7\xb7\x77\x8f\x68\x5d\xdd"
	"\x37\x54\x54\x64\xa5\xb7\xd4\x65\xd5\xe6\x65\x21\x1c\xf4\x6b\x03"
	"\x29\x3b\xaf\x59\x42\x75\x0a\xb1\xb8\x09\x84\x07\x06\xea\xe8\xb1"
	"\xa6\x14\xb7\xb4\xbd\xf7\xa2\xae\xe1\x2b\x84\x7a\x67\x19\x7e\x0e"
	"\xa2\xe6\x99\xe5\xd4\xd6\xa7\xb4\x3a\x24\x52\x9f\xca\x95\x27\x85"
	"\x69\x84\x54\x49\x76\xe0\x60\x95\x24\xab\xd3\x88\x49\xec\x8d\x37"
	"\x34\xe9\x06\x55\x9e\x85\xb5\x9f\x67\x2a\x49\x61\xf4\xa2\x37\xa6"
	"\xbf\x8f\xba\x0f\x71\x66\xf3\x0c\x56\x6e\xdd\x1e\x58\x5d\x80\xd4"
	"\x26\xc3\xfc\x31\x47\xc8\xb0\x2e\xc4\x5a\x5b\x16\x3b\x9f\xbd\x7b"
	"\xe0\x46\x14\x11\xe8\x03\x15\x00\x11\xdf\x73\xf0\x4d\x12\x8d\x6b"
	"\xaf\x9e\x6f\xf7\x90\x37\xc8\x82\x1b\x9e\xf4\xf0\xf5\x7e\xc2\x95"
	"\x8f\x28\x33\x29\xda\x2d\xa7\x28\x87\xcc\x04\xfc\x3e\xb7\xa7\x4e"
	"\xd8\x38\xf6\xd8\x40\x3e\x58\x23\x67\xb4\x0b\x5f\x81\x36\xed\xae"
	"\x4a\x3a\x18\x74\x13\xbc\x42\xf1\xf8\x70\x2b\x3a\x12\x0a\x32\xea"
	"\x7e\x51\x61\xc6\x2b\x08\x7d\x03\xc6\xf9\x20\x20\xd5\x6f\x76\x48"
	"\xef\x45\x46\x0b\xfd\x77\x15\xb1\x1c\x04\x21\x70\xf2\x0a\x2f\xfa"
	"\x08\x8d\x31\xf5\xa9\xb0\x20\x23\xc8\x5d\xa1\xa8\x16\x2a\x04\x8f"
	"\x89\x0f\x20\xb5\xad\xf6\x49\xd2\x22\x74\xca\xf9\xe9\xed\x19\x0a"
	"\x14\x46\xbe\xba\x6a\x33\x22\x56\x55\x0e\x3a\x8c\xf2\xec\x85\x29"
	"\x82\xd8\x59\x15\x64\x83\x10\xb0\x9e\xb8\xbe\x56\x96\x29\xc3\xf7"
	"\x8a\x27\xf5\x8e\x90\x64\x52\xe6\x26\x9f\x3c\x88\x44\x9c\x92\xcd"
	"\xa3\x0d\x53\xd7\x35\x13\xcd\xa3\x1b\x07\x3b\xbc\xa3\x24\xbb\x2a"
	"\x13\x0a\x19\x5f\x3d\x2c\x3f\x3c\x90\x2d\xa3\xbf\x78\x88\xfd\xe1"
	"\x10\x14\x7b\x0f\xf0\x8d\xe2\xe8\xb6\x4c\xce\x10\x48\xaa\xa3\x8b"
	"\x9b\xeb\x5b\xd3\x90\x1b\xb7\x29\x67\xcd\x0e\x17\x60\xb1\x98\xcf"
	"\x77\xb6\x3d\xb7\xfb\x00\x51\xf6\xda\x28\x82\x7f\x97\xd4\x4c\x68"
	"\xab\xd5\x82\xa6\xa9\x4c\x54\x87\xea\x65\x34\xc1\x99\x25\x0a\x85"
	"\xa0\xa9\x89\xb7\xb6\x76\x2f\xb7\x2a\xf8\x5f\x5c\xe5\xf8\x9b\xcc"
	"\xf9\xa1\x11\xad\x58\x86\x3a\xae\x87\xc8\x2b\x75\x88\x5c\xab\x34"
	"\x58\x8e\xfe\x63\x06\x09\xfd\xeb\xe6\x8c\xb3\x7b\x9a\xe9\x7e\x79"
	"\x33\xf7\xab\x07\xd5\x84\x5c\x4d\x89\x80\x3e\xff\xf0\x5e\x50\x93"
	"\x8d\x8e\xc1\x61\x20\x16\xd4\xd0\xa9\x5c\xc7\x82\xb5\x8f\x52\xbe"
	"\x47\xb9\xca\xbb\x1b\x9d\xd4\x2c\xef\x38\xac\xa7\xfb\x4c\x64\xe5"
	"\xde\xff\xaa\x54\xa1\x66\x9e\x65\x05\x75\xb2\x27\xcf\x7f\xbd\x7c"
	"\x26\x90\x78\x59\x1e\xb1\x01\x31\x0c\x31\x3e\x5f\x3e\x77\x8c\xb3"
	"\xd2\x7d\xae\xb9\xd3\xcf\x9f\x5d\xa7\x0a\x2b\xb9\xc5\x27\x7b\xbf"
	"\x7c\xf8\xf8\xf6\xe9\xe5\xfb\xc7\x3f\x5e\xdf\xff\xfc\xfa\xf3\xf7"
	"\x0f\xe7\x87\x24\xfb\x26\xaf\x52\x27\x10\xab\x4e\x03\x81\x62\xe7"
	"\xbd\x7a\x86\x01\x2c\x12\x96\x59\x58\x81\x55\xad\xcb\x1c\x90\x7e"
	"\xa3\x9d\xc8\x06\xe3\xe1\x80\x3d\xfc\xf5\xf5\xe9\x8b\x42\xe7\xed"
	"\x3b\xee\xa0\xb0\xc6\xcc\xca\x23\x22\x01\x1b\xf2\xf9\xe5\xc3\x7f"
	"\x7d\xec\xb1\x7d\x3f\xf8\x59\xf0\x5d\x2f\xb4\xef\xeb\xcb\x27\x83"
	"\xf3\x3c\x34\x7d\x09\xad\x11\x3a\xc1\xff\x54\xfe\xd0\x8e\xde\xd1"
	"\xf7\xe3\x92\xa1\xc0\x86\x00\x5a\x06\xec\x83\x13\xb9\x56\xc3\xc6"
	"\x13\xf6\x61\xc5\xc0\xf7\x35\xf1\x0a\x42\x33\xa8\x20\x01\x3a\x9b"
	"\x56\x07\xab\xf4\x1b\xcd\x91\x8d\xa9\xc8\xbf\x1d\xb3\x42\x4f\x0d"
	"\xbc\x7f\x57\x80\x8a\xbb\xa6\x54\x7c\x9e\x20\x9d\x40\xde\xef\x32"
	"\xf8\xc1\x22\x91\x89\x46\x98\x42\x5a\x87\x19\x62\xe2\xe2\x6d\xac"
	"\xcb\xca\x0e\xaf\x05\x76\x93\x51\x9a\x34\x0f\x83\x2e\x2d\xcf\xcd"
	"\xc0\xcc\xfd\xc7\xb5\x81\x64\x8a\x38\xae\x2a\x92\x4e\xd2\xbd\xd5"
	"\xb6\xfa\x1a\x88\x29\xc7\xc7\xed\xca\x63\xcf\xb7\xd8\x11\x06\x36"
	"\x67\xe7\xa5\xf6\xdb\xd3\xcf\xaf\xef\xb3\xcf\xaf\xdf\xdf\x5f\x7e"
	"\xff\xf9\xfa\xf3\x6d\xf6\x4d\x43\x75\xc0\x3c\x79\x9a\xbd\xbd\xfc"
	"\xef\xf3\x3f\xcd\xc8\x1c\x4c\xc9\x17\x6d\xae\xbd\xd0\x96\xab\x11"
	"\x45\x62\x98\xd0\xde\x47\xcd\x02\x4f\x18\xc8\xf8\xd6\x1f\x16\x03"
	"\x09\xd9\x60\x65\x25\x8a\x0b\x98\x6c\x01\xc7\x04\x65\x40\xa4\x54"
	"\xe5\x56\xb7\x76\x87\x55\x63\x60\x96\xa0\xc1\x94\x9b\xd3\x10\x90"
	"\x04\xda\xff\x45\xed\x3e\x96\x67\x61\x17\x90\xb3\xdd\x08\x19\xc1"
	"\x87\x7e\x11\x07\x6d\x0d\x88\x38\x90\xe3\x84\xf0\x6b\xac\x5d\xe8"
	"\xc4\x0e\x21\x86\x88\xb2\x0c\xbb\x74\x4c\x29\x2a\x9b\x82\x00\xee"
	"\xcb\x1b\x2f\xae\x54\x63\xcc\xba\xd2\xb2\xb0\x95\x29\xbe\x3d\x6f"
	"\x1a\xbf\xe7\x29\x50\x11\x6f\xa5\xb1\xf0\x69\x21\x51\x43\x45\x78"
	"\x49\xf7\x65\xf4\xab\x95\x80\xbe\x97\x96\xfa\x02\x69\xd6\x4c\x86"
	"\xdf\xd6\x03\x6e\xf8\x9d\x27\xe6\xf4\x2f\xf1\x4a\x19\xe1\xef\x31"
	"\x18\x99\x6d\x85\x07\x12\x9e\x28\x19\x3b\x51\xe1\x9b\x5c\xd1\xc1"
	"\x86\xfa\xf3\x01\x11\x16\xbb\x2c\x73\x51\xac\x7b\xb0\x8d\x9a\x19"
	"\x9a\x37\xfe\x6a\x0f\xb5\x68\x78\x64\x3d\xc8\x51\xe9\x59\xbd\xbb"
	"\x8c\xd6\x69\xb8\x37\x8b\xe5\xdc\xa9\x1c\xa2\x2a\x56\x36\x98\x5f"
	"\x9f\xaa\x90\x55\xf4\x8b\x1d\x13\x6a\xa4\x67\xd1\xd0\x4f\x99\x83"
	"\x17\x36\x62\x4b\xea\x28\x0c\x84\x58\x44\x09\xdd\x77\xad\xd5\x19"
	"\x46\xe2\xb9\x62\x1e\x9a\xd2\x4b\xd6\x8b\x3b\xc3\xdc\x1a\x83\x62"
	"\x9e\xa3\xf2\x1e\x27\xfb\x84\xba\x06\x54\xe3\xdc\x72\xe2\x5d\xfd"
	"\x50\x82\x5d\x61\x6d\x34\xd8\xe7\x7c\x26\xc7\x21\x30\x31\xbd\x4d"
	"\x89\x67\x70\x48\xd3\xd7\xd1\xa3\xfc\xf2\x97\xb7\xcf\xbe\xdd\x81"
	"\x25\x37\xcb\x9b\x63\x9b\x54\xa5\x5f\x56\x55\x51\x11\x70\xea\xfb"
	"\xef\x19\x63\x79\x77\xb5\x94\xd7\x73\xbf\x48\x0c\x9b\x79\x56\x4a"
	"\x25\x73\xc3\x42\x00\x25\x85\x88\x3f\x58\x25\xf2\x0e\xb4\x41\x46"
	"\x58\xb5\x84\xcc\x96\x77\xf3\xf9\x55\x80\x48\xc5\x46\xe5\x85\x2c"
	"\x6b\xd9\x36\xc0\x74\x73\x13\xe6\x89\xb6\x8b\xdb\xdb\x30\x8b\xaa"
	"\xe8\xdd\xdc\xaf\x91\x6e\xf3\x78\x75\x75\xe3\xd7\x1b\x12\xb9\x58"
	"\xad\xfd\x24\x04\xf6\xd2\xe6\xb7\x36\x95\xec\xee\x7a\x3d\x27\x6e"
	"\x88\x9b\x06\x3a\xb0\xe5\x31\xa8\x88\x81\x2d\x58\xc2\x74\xf5\x81"
	"\x79\x88\x44\x47\xbd\x43\x9c\x08\x0b\xc3\xc3\x24\x04\x02\x1d\xc5"
	"\x4b\x77\x4f\xd2\xa0\x5f\x1c\x04\x8f\xdc\x17\xab\x55\x53\x60\x11"
	"\x2c\xfd\xf7\x46\x67\xfa\x4d\x88\xae\xa1\xd6\x42\x1c\x70\x80\xae"
	"\xd6\xb7\xc1\x4c\xee\xae\xe2\xe3\x2a\xcc\x70\x3c\x5e\x07\x39\x44"
	"\xd2\xb4\xeb\xbb\x6d\xc5\xe5\xd1\x13\xa6\xe2\xdf\x4f\x6f\x33\xf1"
	"\xfd\xed\xfd\xc7\x4f\x84\x07\x7b\x9b\xbd\xfd\x01\x12\xc8\x97\xd9"
	"\xfb\x8f\xa7\xef\x6f\xd8\x31\xb3\xaf\x2f\xdf\x9f\x67\x5f\x60\x0d"
	"\xbe\xfc\x89\x7f\x9a\x1d\x05\xea\x1a\xe1\x60\xda\x4f\xbb\x4c\xc8"
	"\x2b\x14\xb8\xa6\x99\x1c\xbd\xef\xbc\xc2\xd0\xed\x83\xe1\x20\x57"
	"\xd9\xd8\x3b\xf2\xfb\xfb\xf3\xd7\x59\x2e\xe2\xd9\x7f\xcc\x7e\x3c"
	"\x7f\x7d\x7a\x87\x9a\x9f\x07\xd4\x61\x41\x21\x23\xe9\xe3\x70\xe8"
	"\xf8\xc6\xb1\x48\x3d\xc9\x7b\xd8\xc6\xc7\xa9\xe7\x8c\xb6\xaf\x6f"
	"\xef\x24\x31\x7e\xfa\xf1\xc5\x57\x0c\xc9\xff\xfa\xe7\x8f\x57\xd8"
	"\xd9\xde\x5e\x7f\xcc\xe4\x3b\xb4\xc0\x04\x6b\xfb\x5b\x5c\xca\xfc"
	"\xef\x86\x46\x36\xd4\x2f\x19\x05\x14\xe1\xf1\xb6\x24\xa0\x52\x65"
	"\xdc\xd6\x8d\x3c\xe2\x82\xf5\x8b\x37\x08\x29\x48\x81\x6c\xc9\x58"
	"\xc6\x1a\xbe\xce\xb4\x82\x0f\xa9\x4e\xd2\x21\x8b\x9a\xb6\x97\x06"
	"\x3a\x33\x0f\x46\x94\x1b\x65\xa6\x34\x20\x6d\x7f\x04\x35\xe9\xaf"
	"\xe7\xef\x5f\x5e\x7f\x7c\x7c\x7e\xff\xfc\xf1\x5f\x2f\xbf\xbd\x78"
	"\xf8\x9b\xb2\xcc\x3c\x5f\x80\xfa\x68\x33\xe7\x47\x8f\x5d\x07\x09"
	"\x32\x57\xe8\x8f\x54\x0b\xb1\xe2\xc9\xe8\x23\x25\x35\x28\xa0\x01"
	"\x8d\x58\xa5\xb8\xa8\x2c\x1e\x4a\xe9\xf4\xc6\xd0\x03\x4e\xbf\xc1"
	"\xd2\x3f\xb6\x71\xa6\x22\x56\x34\x0e\x3e\x73\xd7\x0a\x98\xf8\x07"
	"\x76\x42\x0c\x2d\xff\xda\x51\xf9\x64\xf7\xcb\x79\xbe\x7d\xa4\x2a"
	"\x94\xba\x05\xa7\x79\x5f\x9c\x55\x98\xa5\x39\xa9\xa4\x24\xda\x74"
	"\x37\x89\xe3\x8e\xd4\x6a\xa1\xb6\xc4\x08\xa5\x9a\x9d\xa8\x0a\xc0"
	"\x50\xd4\x16\x0c\xbe\x1e\x09\xf4\xd5\x86\x29\x19\xa4\x68\xc1\xe5"
	"\x7a\x71\x77\x7d\x35\xbf\x76\xdb\xbd\xdd\x07\xad\x54\x8a\x69\x53"
	"\xd5\xd7\x38\x13\xc3\x13\x5b\x19\x04\x5a\xe5\xf2\xef\xcc\x52\xfd"
	"\xc6\x3b\x43\x70\x44\x3b\xd6\xa5\x9e\x92\xf8\xf8\xbb\xdd\xc6\xe9"
	"\x78\xca\xe0\x0a\x40\xbd\x16\x31\xc3\x40\x86\x3a\xa1\xe2\x95\xb3"
	"\x42\xc5\xb5\x13\x92\xc4\x25\xe9\xc6\xfd\xfa\x66\xde\xa2\xed\x7c"
	"\xb2\x7d\x19\x93\x08\x0d\x57\x60\x88\x10\xc4\x2f\x65\x39\xcd\xab"
	"\x57\x65\x8a\x9a\x2d\x1a\x27\x43\xe5\x2f\x6e\x96\x68\xc9\x00\xe9"
	"\x89\x65\xa0\xd3\xe6\x64\xc7\x8d\x27\x2d\x94\x11\x65\x3b\xfe\x48"
	"\x67\xcf\x8a\x40\x83\xb0\xdb\xb4\xee\x82\x0d\xc2\xe5\x46\x97\x3d"
	"\x70\x22\x5b\xc1\x72\x18\xbd\x8f\xdf\xbe\xbf\x0f\xfb\xc8\x6f\x6f"
	"\x1f\x3f\x7d\xfd\xf9\xfc\xfe\xfa\xfa\xfe\xc7\xc7\x4f\xef\xed\xd3"
	"\x97\x2f\x3f\x0c\xf3\x4b\x6f\x00\xbf\x17\x3e\x63\x63\xf3\xe8\x68"
	"\x2a\x2a\xa1\x95\xf7\x18\xa8\x57\x6a\x60\x46\xea\x33\x65\x8b\x53"
	"\x11\xf2\x18\x42\xbf\x28\xc5\x12\x4d\x50\xd6\x14\xd2\x9c\xe2\x20"
	"\xf4\x5b\xfb\x5f\xae\x57\xeb\x31\x49\x0d\x2d\x90\xee\x6c\x92\x3c"
	"\x24\xfd\xa8\x83\x42\x0b\xdb\x93\xb0\x42\x8d\x34\x8f\xce\x8b\x12"
	"\x95\xa0\x2e\x0c\xfd\xf8\x10\x1d\x1d\x2a\x6a\x6a\xeb\x43\x8b\x35"
	"\xb4\x97\x03\x66\xaa\x40\xcd\x93\x25\xa2\x55\x7a\x73\x14\x76\x9c"
	"\xc2\xe6\xb1\xd9\xf9\x25\x00\x5d\x0c\x8d\xa8\xa9\xe9\x0e\x2c\x5f"
	"\xf3\xa8\x70\xb8\xec\xb7\xab\x46\x62\xdf\x98\xa5\x5b\xce\x43\x3c"
	"\x60\xf4\xea\xe8\x9a\xb0\x2a\xd9\x86\xe7\x9c\x98\x95\xfa\x2b\x5a"
	"\xb0\x84\x32\x8b\x43\x2a\x29\x9a\x8c\x73\x16\xcc\xb7\xca\xca\x13"
	"\xfc\x60\xbe\x33\xa9\xe1\x88\xac\x2f\x87\x10\x30\xd7\xee\xe7\xf7"
	"\x3a\x6c\x8f\xc4\x0b\x2c\x91\x0a\xef\xc1\xe6\x70\xca\xbc\xc2\x3e"
	"\xea\x8d\x2e\x18\x20\xa0\xd3\xab\x0c\xa1\xe9\xbc\xce\x04\xa2\xc0"
	"\x98\xe3\x58\x33\x90\xb8\xd1\x04\x21\xfd\x0b\x53\x58\xd2\x79\x0a"
	"\x05\xd6\x55\x1e\x11\xbc\x68\x11\xb3\x36\x55\x81\xf0\xd8\xa3\x18"
	"\xdb\x8a\x80\x57\xaa\x6d\x2a\xad\x8a\x77\x35\x9e\xbd\xff\xcf\x9f"
	"\xcf\xb3\xbf\x81\x7c\xfa\xdf\xff\x98\xbd\x3f\xfd\xf9\xfc\x8f\x59"
	"\x9c\xfc\x27\x88\xbd\x7f\x37\xd0\x7b\x3b\x65\x55\x5a\xad\x89\xb7"
	"\xb5\x4e\x25\x62\xeb\x75\xe4\x52\xca\x26\xa8\x02\x13\xbe\x09\x43"
	"\xf6\x9b\x30\x99\xf0\xb2\x50\xed\xc6\x28\x84\x0d\xec\x99\x92\x66"
	"\x41\x61\x87\x8a\x9b\xa0\x18\x64\x8c\xbe\x1e\x6e\x20\xdc\x73\x3f"
	"\x36\xbd\xa0\x6f\xe9\xd6\xfa\xd3\x4a\x8c\x87\xdb\x66\x49\xe3\x29"
	"\x0e\xa1\xfe\x9d\x60\x92\x4c\x5e\xc2\x92\x89\x48\xb2\x10\x4f\x5d"
	"\x05\xe7\x27\xf4\xd6\x21\xc3\x9b\x72\x6b\x33\x53\x14\x0a\x80\x4b"
	"\x53\xd5\xd6\x02\xba\x66\x1a\x28\x1c\x26\xfc\x36\x4e\x68\x3a\xbd"
	"\x8f\x58\x55\x6b\xab\x38\x8f\x05\x0b\xe4\x13\x98\x30\xa5\x4c\x14"
	"\x50\xac\x60\x54\xc0\x71\x85\xf5\xd9\x30\x53\x32\x35\xad\x3e\xbe"
	"\x0b\xa6\xc4\x67\xb4\xcb\x09\x43\x16\x75\x57\x31\x98\xc0\x72\x25"
	"\x72\x35\xa2\x18\x9b\xb2\x92\xdc\xb6\xa9\x93\x92\x9b\xca\x24\xb5"
	"\xdd\xaf\x7b\xf6\x2e\xf8\x80\xde\xda\x6b\x05\x58\x4f\xad\x8f\x04"
	"\x63\xae\xa8\xe7\xee\xfe\xe8\x00\xb9\x3e\x2e\xcc\x3b\x80\xc1\x77"
	"\x41\x83\x6a\x9e\xd3\x65\xc1\x2a\xb9\x2d\x1b\xa7\x4a\x18\xcf\x0a"
	"\xb7\xaf\xbd\xc0\x5d\x3c\x50\x11\x1a\x2b\x39\xe9\x6c\x9e\x41\x0e"
	"\x50\x91\x29\x12\xba\x0a\x12\x66\x6d\xa0\xe2\x9e\x4e\xd1\x1e\x79"
	"\x5d\x92\xb9\x06\x61\x37\x55\x47\x39\x46\x62\xa3\xd3\xb5\xd4\x63"
	"\xf7\x54\x9a\x31\xc7\x3f\xee\x4c\x83\x43\x50\x3f\xda\x32\x3f\xd0"
	"\x89\x2d\xdb\x47\xa1\x8f\x40\x84\x8d\xad\x81\x62\x45\x52\x97\x70"
	"\x8e\xf5\x9f\x63\x98\x25\x10\xa4\x4b\xbc\xbc\x19\xa0\xd9\x95\x83"
	"\x43\xe2\x14\x18\xf0\x89\x4b\xd4\xbd\xb6\x1e\x27\x49\x71\x78\xa3"
	"\xe5\x18\x33\xba\x3c\x58\x15\xed\x80\x64\xcf\xc7\x7e\x8f\x69\x52"
	"\x13\xce\xaf\xda\x99\x42\x9a\x00\xe3\x0e\xca\xa7\x2b\xc7\x45\x65"
	"\x91\xf8\xa5\x42\x65\x3b\xb5\x82\x74\x8b\x9a\x6f\x76\xac\xf6\x4f"
	"\x16\xfe\xa0\x42\x99\x52\xef\x73\x02\xcf\x19\x1a\x4e\xe8\x2d\x39"
	"\x8b\x49\xff\x4e\x51\x91\xa4\xfd\x91\xa2\xe0\x05\x14\x71\x77\xb9"
	"\x21\x1e\x08\x41\x1d\x24\x27\x71\xdb\xf0\x74\x2e\xbd\x4a\x4a\xb3"
	"\xb3\x9e\x89\xc2\xcf\x76\xaf\xfa\xbf\x06\x69\xa2\xf5\x7e\xb2\xe7"
	"\xea\x29\xbf\xe1\xfe\x95\xdb\x9a\xbf\x3e\x9d\xd1\x09\xe8\x6c\x9a"
	"\xfb\x62\xdb\x85\x92\x97\xb7\xf7\x1f\x2f\x9f\x7e\xa2\x15\x4c\xfe"
	"\xeb\xe5\xfd\xf3\x1f\x33\x66\x84\xe1\x34\xd8\xfb\x61\x6b\xb6\xe8"
	"\xae\xe5\xf8\x2a\xc3\xe2\x4c\xca\xba\x65\x19\x8b\xd5\xbe\x63\xd5"
	"\xab\x33\xc7\x35\x92\xf2\xc0\xee\xbf\xce\xd9\xa3\xa9\xf2\x58\x24"
	"\x3b\xac\x51\x9e\xb4\xc7\x4d\x34\x95\x1f\xcc\x30\xd0\xa2\x98\x3f"
	"\xc7\x3a\xf6\xa7\xef\x60\xe7\xb3\x9e\x53\xe9\x94\xb6\x88\xd6\xeb"
	"\xf9\x3c\x5c\xa2\x86\xe8\x2a\xad\x33\x29\xba\xbe\x26\x8e\xbd\x1c"
	"\xa7\x17\xa1\xdc\x62\xec\xe7\x9c\xb8\x17\x33\x0a\x8c\x59\xc2\x9d"
	"\x98\xd8\x30\x01\xa3\xa9\x8f\xf6\x62\x97\x7b\x5b\x1f\x63\x58\xd0"
	"\xc2\x6a\x3e\x28\x3b\x20\x1e\x0c\xe3\x4e\xf8\x0f\xf3\x89\x8a\xf2"
	"\xc7\x78\x2b\x2c\x5f\x03\x9d\xd2\x16\x95\xa9\x53\xb5\x7c\x32\xa7"
	"\x2d\x1c\x8b\x19\xa8\x97\xd6\x72\xd9\x8a\xe3\xcd\x36\x59\xb6\x1b"
	"\x0a\x33\x11\xbf\x42\xd3\x04\x49\xae\xe6\xd7\xe4\xcd\xd5\xb6\x90"
	"\x54\x3a\x3e\xb4\x4b\x49\xe2\x05\xad\xd9\xb1\x03\x17\xde\xb1\x10"
	"\xeb\xe5\xcd\xf1\xe8\x27\xc1\xb1\x90\x79\x29\x39\xab\x41\x20\xb4"
	"\x84\xd5\x7c\x9f\x3b\xfe\xb2\x9e\xcf\xe0\x1b\x56\x94\x47\xeb\xbb"
	"\xec\x28\x0f\xa3\xb3\xc3\x24\x93\x8f\x60\xfa\x5c\x45\x5c\xdb\x82"
	"\xf3\xbd\x5c\xaf\xaf\xfd\x37\x43\x48\xba\x59\x04\x48\x50\x62\x36"
	"\x5d\x5e\x39\x9a\x67\x45\xbc\x5c\xff\xba\x9a\x53\x57\x76\xc7\xe5"
	"\x35\x50\xe7\x17\xe4\x2c\x79\xee\x1f\xa9\x82\x35\x34\x8d\x63\x74"
	"\xd3\xd2\x81\x7c\x18\xa8\xfe\x8f\xd6\x57\x77\x73\xab\x0d\xcd\xb6"
	"\x8c\xc3\x35\xc4\xd3\x14\x2d\x8c\xe6\x67\x0f\x31\xbb\x9d\xcf\xe7"
	"\xe4\x65\xca\x03\x7c\xd0\x92\x6b\xa2\xce\x27\x67\x6f\x0d\x13\x1c"
	"\xb4\x2b\x6f\x1b\x6a\x74\xf9\xaf\xbd\xa4\xce\x94\x66\x19\x03\x71"
	"\x3b\x77\x17\xa0\xe7\x4b\x6e\x46\x0a\x36\x09\x18\xb4\x0d\xe4\xc1"
	"\xda\xdf\xcf\x32\x97\xb6\xdb\x6a\x1e\xdf\x2d\xfc\x17\x9b\xc8\x7a"
	"\xb7\x58\x1c\x27\x2a\x52\xc6\x20\x9c\x5b\x2e\xc2\x26\xb5\x51\x13"
	"\xc6\x2a\xb1\xc9\x31\xb8\xdd\x74\x0b\x4f\x45\x59\xc9\x93\xed\xc7"
	"\x76\x88\xdb\x63\xe6\xee\x6d\xe3\x6f\xf7\xc2\xda\xb9\xe1\x67\x5b"
	"\x6f\x9d\x08\x68\x16\x15\x1d\xc0\x63\xbf\x74\x69\x64\x7b\x10\x8f"
	"\x85\x8d\xfa\xab\x53\xda\xc3\xcd\x62\xee\x5f\x57\x03\xc3\x95\x77"
	"\x65\xe1\x86\xd4\x39\xf2\x1a\xa2\x27\x26\x6a\x07\xad\xf3\x26\xa3"
	"\xd2\x62\x54\xba\x04\x35\x4f\x35\x8f\x68\x22\x46\xa8\x4a\x7d\xc6"
	"\xa0\x80\x1c\xd5\xbd\xd5\x34\x17\xfa\x76\x81\xf0\x4a\x33\x4e\x9c"
	"\x27\x8a\x07\x26\x52\x8c\x02\x75\x4e\xb3\x94\x71\xc3\xbd\x18\xc9"
	"\xd5\xf6\x94\x09\xc3\x61\x5e\x1e\x20\xc5\x7a\x31\xce\x13\x8c\x85"
	"\xa0\x1c\x65\x81\x34\xf6\x80\x10\x62\x86\xe9\x9d\xb1\xee\x2c\xc7"
	"\x59\x42\x94\xf3\xe5\x99\xd6\x89\x4e\x34\xc3\x71\xbd\xbe\xbd\x5b"
	"\x45\x34\x43\xb3\x9e\x5f\x1d\x49\x32\x8c\xe9\xed\xf1\x18\xa4\xaf"
	"\x6f\x43\xf4\x4e\xd2\x22\x19\x62\x01\xb2\x11\x5d\xff\x4e\xd0\x21"
	"\xe9\x09\xc8\x48\xa1\xec\x93\x6a\x7d\xb5\x5e\x2e\x83\xf4\x26\x5e"
	"\x2f\x16\xe1\x1c\xae\xd7\x61\xfa\xea\xd6\xa5\x0f\x8f\x50\x8e\x5c"
	"\x0d\x9f\x65\x96\x8a\xab\x0c\x26\x30\x95\xa3\x92\x1a\xda\xe3\x81"
	"\x9d\x48\x16\x7c\x2e\xc1\x9b\xc5\x7c\xb1\x88\x69\x1e\x7c\x8b\x42"
	"\xd0\x3a\xf1\x63\x92\xbe\x98\x6f\x68\x1e\x25\x35\x04\xc9\xea\x90"
	"\xbf\x80\xa3\x59\x84\x99\xf0\xd4\x26\x39\x0a\x75\x6d\xcc\xe8\x9a"
	"\x3c\x04\x3f\x47\x70\xac\x86\xdf\x07\xe8\xea\xec\xa4\xe9\x70\x7e"
	"\x06\x9b\x89\x07\x15\x4d\x6c\xf8\x62\x7e\x24\x02\x04\x80\x36\x06"
	"\xbb\xb3\x88\xe9\xc2\xf7\x68\x94\xc0\x07\x1a\x04\xfd\x08\x22\x78"
	"\x01\x9b\x29\xec\x32\xcb\x1a\xff\x0d\x8d\x24\x88\x6f\x77\x77\x37"
	"\xb9\xcf\x50\x58\x55\xc6\x2d\x32\xfc\xc0\x28\xae\x36\x48\x3e\x26"
	"\x26\x1c\xdd\x18\xb9\x9d\xe8\xe2\x97\x60\x5a\x5e\x55\x0e\x97\xb2"
	"\x39\xd9\xa0\xe2\x90\x5c\x5a\x5c\x8d\x5d\x5c\x69\xa3\xe8\x61\x2e"
	"\xca\x16\x6e\x27\x29\xaf\xe5\xc6\xb6\x30\xc9\xcc\x8b\x81\x2c\xb3"
	"\xad\xf1\x31\x7a\x40\xe9\x97\x6e\xe8\xf1\x6c\x7b\x27\x61\xd4\x43"
	"\xd6\xc4\xa4\xe7\xd4\x3d\x28\x0b\x84\x8e\x82\xe4\x0a\xc3\x60\x78"
	"\x9f\x65\x21\xb5\x6e\xb2\xf5\xe2\x66\x6e\xd7\x44\x27\x2e\xdd\x5a"
	"\x80\x32\x70\xbb\x3e\x1e\x89\x9c\xe0\x3f\xcb\x02\xd0\x37\x09\x0f"
	"\x85\xc5\xed\x91\x22\xdc\xb5\x8b\xdb\x35\x1b\x53\xe3\x24\x56\xda"
	"\xa5\x97\xd2\x72\x33\xd6\x9e\x49\x28\x9c\xf0\x4c\x1d\x49\x6b\x54"
	"\x3d\x07\xd1\x82\x3e\x8f\x3c\x12\xde\x4c\x92\xfc\x6e\x45\x78\xf9"
	"\xf5\x2c\xb2\xbe\xbb\x25\xa4\x1f\x83\xc5\x6f\x32\x18\x18\x60\x09"
	"\xdf\x5a\x4a\x9e\x49\xb9\xd3\x94\x51\xb6\x9b\x6c\xb5\x9c\xb3\x40"
	"\xb6\x05\x6e\xe1\xeb\xb9\xef\x5b\x3c\x20\xa2\x60\xa5\xf3\x58\xde"
	"\xae\xaf\xc2\x0d\xab\x31\xf0\x42\xbb\x2d\xbd\x0e\xc9\x66\xff\xca"
	"\x5d\x24\x79\x33\x0a\xbc\x38\x66\x71\xeb\xca\x32\xd1\xe6\x37\xab"
	"\x2b\xda\x8b\x90\x15\xcb\xdb\x25\xd5\xb9\x11\xcf\xee\xcd\xeb\x02"
	"\xf5\x41\x9d\xc3\x46\xb0\x1b\x75\x29\xaf\x64\x59\x2c\xd7\xeb\x35"
	"\xbd\xec\xe2\xe5\xe2\x2e\x34\x8e\x8f\x6c\x57\xef\xa4\xaf\xbf\xe3"
	"\xe3\x7a\x79\xb5\x98\xb7\xa1\x65\xab\xa2\x6b\xb1\x2c\x27\x6e\x70"
	"\x7a\x96\x07\x38\x6c\x0e\x07\xc2\x52\xd9\x33\xc1\x19\x7f\xb3\x38"
	"\xd2\x33\x57\x54\xdb\x50\x55\xa4\xe0\x35\xda\xba\x08\x3b\x0f\xb2"
	"\xec\xb3\xd5\xc4\xb4\x8f\xb7\x77\x4b\xef\xb4\xef\x1e\x62\x5a\x06"
	"\x62\xf5\x48\xf6\x90\x48\x82\x7d\x30\xcb\x25\x39\x1c\xa6\xc6\x8b"
	"\x58\x93\x66\x9b\x41\xe1\x67\xe0\xe2\x0c\xa8\xab\xfb\x6c\xaa\xb4"
	"\x26\x37\xed\x2b\x26\xc9\x6b\xe2\xab\xe3\x3c\xa5\x54\x01\xf3\x63"
	"\x38\x34\x58\x85\x07\xef\x44\xf9\xb1\x90\x71\xe9\x2f\xdf\x31\xfd"
	"\xb8\xa4\x5a\x0a\xcb\xe0\x82\x6b\xd4\x1b\x32\xd3\xfc\xd0\x63\x34"
	"\x02\xe5\x83\xd7\x0d\x71\x71\x9a\x1f\xd0\x7b\xe0\x38\x95\x2b\x4f"
	"\x04\x23\x07\xed\xff\x28\xbb\x96\xe6\xc6\x6d\x65\xfd\x57\x5c\x77"
	"\x75\xce\x22\x09\xdf\xa4\x16\x67\x01\x91\x94\xc4\x98\x10\x39\x04"
	"\x24\xd1\xde\xb0\x9c\xb1\x93\x4c\xdd\x19\x7b\xca\xe3\xd4\xcd\xf9"
	"\xf7\x17\x0d\x90\x12\x1f\x68\x80\x59\x78\xc6\x66\x7f\xc4\x9b\x40"
	"\x03\xe8\xfe\xba\x21\xd3\x55\x79\x22\x53\xaa\x13\x22\x64\x85\x5e"
	"\x30\xb6\xf7\x18\x3f\xe7\x08\xfe\xf1\x21\x23\x8b\x6f\xf6\x31\x73"
	"\x3d\xc7\xb5\xd4\x4c\x6e\x8e\xf2\xe3\x91\x2c\x0c\x19\xc9\x51\xf3"
	"\x48\x85\xce\xdb\x53\x3e\x44\x08\xd2\xd8\x7f\x09\x94\xd0\xf5\x02"
	"\xb8\xf7\xdb\x15\xa5\xe1\x76\xbe\x07\x1b\x0d\xd4\x24\x82\xed\x75"
	"\x45\x69\x5a\xa1\xd7\xd6\x85\xbe\x04\xbd\x10\x5c\x0a\x8d\x49\xf7"
	"\xf7\x61\xfa\x44\xc0\xc3\x79\xee\x7c\xbb\x00\xed\xa5\x89\xc1\x22"
	"\x1e\xef\x55\x7e\xc9\x99\x58\xbd\x0f\x95\x4e\xa6\x22\x91\xcb\x06"
	"\x98\x46\x4b\x9e\x37\x91\x32\x9c\x93\xdc\x85\xf7\xc4\x58\x9c\x03"
	"\x39\xee\xf5\x46\x95\x52\x2c\x53\xc8\xf3\x5a\x0c\xd9\x73\xae\x33"
	"\xc8\x9b\xbc\x21\xbe\x8d\xab\x39\xe9\x22\xa9\xfc\x78\x50\x01\x0e"
	"\x7b\x23\x0c\x7d\x86\x24\xa5\xe0\x7f\x6c\x2c\x33\x9c\x26\x69\x2c"
	"\xda\xc0\x8c\x0d\xcc\x61\x7f\xf9\xf9\xdb\xd3\xe7\x9f\xbf\xbc\xfe"
	"\xfe\xf6\x3f\xba\x77\xdb\x5b\x84\x49\xf6\x1f\x5f\xd3\xc5\xf5\xcd"
	"\x82\x55\xdb\x41\xa2\x96\xd2\xb7\x6d\x69\x90\xa9\x46\x01\xc9\xbb"
	"\x79\xa0\xf0\xa9\xb4\xbe\xe4\xfa\x06\xea\xa3\xe8\xa6\x62\x8a\x10"
	"\x5f\x1b\x15\xad\x3d\x8f\xaa\x3c\x4a\xa8\x00\x92\xc1\xae\xff\x1c"
	"\xb1\xf6\x92\x95\xe9\x6b\xdb\xa9\x76\xfa\xf1\x7f\x5f\x9f\x5e\x1d"
	"\x4d\xd3\x90\x94\x19\xc6\x25\x3d\xb0\xc1\xe0\x54\x1b\xa1\xf3\x3a"
	"\x02\x44\x36\x43\x5d\x2c\x5f\xf2\x75\x44\xd4\xf7\xbc\x33\x30\x16"
	"\x8e\x86\xe3\x89\x0e\x35\x66\x38\xf4\x96\xae\x8a\x7b\xba\x88\x99"
	"\xa9\x49\x59\x92\x79\x88\x39\xfb\x98\xaa\xa8\xde\xe6\x09\x46\xd2"
	"\x93\x0c\x71\x87\x97\x33\xe2\x40\xbd\x20\x67\x84\xdd\x25\x13\x4a"
	"\x19\x49\xd1\x8e\x14\x98\x6b\x89\x81\x28\x35\xcb\x79\xae\x8d\xf8"
	"\x32\xee\xfc\x12\xae\x8c\x06\x9b\x59\x7d\xc2\xd2\x26\x55\x76\x99"
	"\xc9\x2a\xfa\xfa\x55\x48\x26\x1a\x56\xe7\x79\x66\x9e\x01\x45\x09"
	"\x25\xf5\x49\xef\xce\x8e\x7c\xc6\xb5\x34\xea\xbd\x96\xd0\x36\xa7"
	"\x0b\xed\x80\xc2\xc8\xe2\x95\xb5\xa4\x62\x50\xa7\xd2\x3d\xb3\xd3"
	"\x9f\x0a\x6b\xc6\xd7\xb6\xd8\x67\x84\x13\x64\xf1\xb1\x0d\xd3\x86"
	"\x73\xdb\xb0\xbc\xc8\x21\x0c\x0c\x2e\xb6\x21\xdf\xd6\x15\xd8\x36"
	"\x17\xd0\x35\x40\xcd\x28\x2d\xce\xd6\xac\x78\x1d\x2d\x69\xde\xa9"
	"\x10\x67\x32\xd0\xb5\xe5\x25\x46\x9a\xc1\x2a\x1a\x61\x17\x9c\x6e"
	"\x69\x2e\xa8\x8d\x40\xd1\x70\xf9\x61\x2f\x7d\x82\x5e\x21\xca\xc5"
	"\xdd\xe5\x0b\xb8\xb6\xfe\x6b\x19\x92\xf8\xdf\x77\x1f\x6f\x02\xfd"
	"\x72\xf7\xf1\xe7\x80\xd2\x1c\xc6\x5e\x0c\xb4\x54\x3a\x9f\xfc\x91"
	"\xb1\x59\x76\xd4\xf8\xb8\x7c\xff\xeb\x03\xb5\xd3\x2c\x8e\xf5\x69"
	"\x12\x02\x50\xfc\x09\xe7\xc9\x6c\xfe\x6c\xb7\x03\x5f\xce\x72\x46"
	"\xe6\xa7\x64\x60\x1d\x8c\x71\x23\x29\x04\x93\xc4\x41\xf7\x54\xab"
	"\x7e\x2a\x08\x25\xbc\x29\xda\x7b\xe5\x4b\x20\x4b\x7e\xfa\xf1\xf2"
	"\x2e\x66\xe6\xe7\xbb\x2f\xaf\x1f\x2f\xef\xbf\x3f\xcd\xfc\xf7\xfa"
	"\xd7\xaa\x13\xcb\xcd\x99\xff\x5a\x3d\xe8\x03\xaa\x29\x71\x7e\x9e"
	"\x99\x6b\x0f\x8f\x67\x5a\xd5\xa8\x35\x31\xa6\x03\xf5\xa6\x50\xf1"
	"\xb6\x15\x69\x26\x3a\xd1\xf0\x4c\x2c\xd3\xfa\xad\xc1\x08\x50\x87"
	"\x21\xb2\x01\x9d\x81\x36\x3a\xc2\xa9\x2b\x84\xdf\x6f\xf5\x45\xf8"
	"\xc4\x5d\x07\x71\xf7\x1b\x61\x3c\x37\xb2\x60\xb2\x9e\xaa\xab\x89"
	"\x92\xd0\x8c\x2c\xef\xef\xb5\x9e\xa9\x57\x00\xdc\xc4\x68\xcb\x2a"
	"\x5d\x8b\x60\x7c\x21\x9f\xec\x15\xc8\x53\x12\x05\x6e\x64\x05\x25"
	"\x81\x6b\x69\x5b\x35\x10\x2d\x15\xa2\x89\xef\xf9\x76\x8c\xef\xdb"
	"\xf2\x6a\x63\x3f\xdc\x58\x40\x29\xb3\x00\xea\xc6\xf5\x5c\x33\xe6"
	"\x98\x5f\x38\xb2\xea\x5d\x31\x40\xdd\x06\x77\xfc\xcc\xd4\x55\x9a"
	"\x0b\xdb\x9b\x8c\x57\x17\x72\x41\x9c\xbb\x6f\xa8\xd3\xf1\x7e\x6b"
	"\xe9\xce\x4a\xcc\x03\x81\xa5\x33\xa9\xd7\xf1\xea\x94\x1e\x30\x5e"
	"\xbc\x2b\xb2\xe5\xd6\xfc\x52\x52\xbb\x6e\x6b\xe9\xf5\xad\xf6\x0c"
	"\xf1\x56\x2f\x8f\xd6\x27\xd7\x43\x5a\x86\x76\x3b\xc4\xd4\xfb\xf6"
	"\xc9\x6e\x22\xee\x6f\x22\xc3\x54\x26\x67\x3b\x74\x26\x13\x13\x1d"
	"\x84\xb0\x98\x90\xb8\x0c\xcf\x84\x52\x46\x30\xee\x9c\x1b\xc6\xcf"
	"\x2c\x80\xac\x30\x03\xd2\x6a\x8b\x98\x92\x5e\x21\xfb\x9d\x77\x6f"
	"\x41\x60\x04\xff\x13\x44\x47\x6d\xa0\x53\x21\xe6\x0d\x8a\xb8\x77"
	"\x5f\x61\x52\x79\x27\xa9\x05\xc5\x8a\x2c\xbf\x00\x5d\x6c\x63\xc6"
	"\x71\x8a\x4c\xf0\xb7\xfc\x76\x55\x83\x90\x56\x5d\x31\x17\xd2\x34"
	"\x45\x65\xc9\x8a\x92\xbd\x34\xd5\xb1\x14\x5c\xe8\xfc\x79\x85\x90"
	"\x5f\x4c\x51\x5b\x82\xf0\x8a\xdd\x60\x5c\x6c\xb2\xac\x4d\x70\x29"
	"\x32\xf1\x87\x19\xf4\x78\x10\xca\xe8\xc9\x32\x54\x08\x0b\x1d\xd7"
	"\x35\x63\x60\x75\x3f\x69\x03\x27\x5d\x21\x6d\x3d\x8e\xe5\x3c\x79"
	"\x2c\xf4\x1a\x4c\xd2\x6b\x41\xcb\x1c\x6b\x26\xe5\x98\x25\xcd\x0d"
	"\xd7\x36\x29\xfa\xad\xca\x08\x09\x63\xaf\x24\xf9\xb7\x3a\x9c\x4e"
	"\xf3\x74\x5c\xe0\xb1\xa8\xa8\x27\x87\x61\x23\xd1\x9e\x8f\x8f\x09"
	"\x47\x02\xa1\xf2\x0b\x8d\x72\xaf\x95\xdd\x6f\xc5\x1f\x53\x2b\xe1"
	"\xab\x4c\x73\x83\x34\x87\xb1\xbc\x01\xbd\xfd\x22\xf6\x72\x34\xc0"
	"\xab\x0a\x93\x34\x4b\x9b\x3c\x1f\xfb\xb0\xdd\x1e\xc2\x41\x57\x0d"
	"\x84\x82\x53\xf2\x99\x31\x82\x64\x2c\x4e\x10\x37\xf5\x29\x2e\x4e"
	"\xe2\x78\x1d\x6c\xb3\x02\x96\xda\x31\x8d\xeb\x78\x2e\xea\x7e\x3e"
	"\x81\xc2\x49\x72\x47\x11\x72\xe0\x09\xf2\x24\x94\x9e\xa2\x4d\x8b"
	"\xc6\x0a\xdd\x9e\x3c\xd7\x71\xfd\x75\x38\xcf\x5e\x67\xb8\x66\x16"
	"\x1b\xb2\xae\x48\x8f\x89\x8f\xa8\x4a\x13\xfc\x43\x92\x72\xba\x77"
	"\x5d\x67\x05\x94\x73\x56\xe3\x56\x84\x4b\x6c\xb0\x0e\x0c\x9b\xe5"
	"\x1a\xf1\x35\x18\xe3\x0e\x84\xd6\xec\x50\xac\x48\x31\xcf\x79\x61"
	"\x07\xed\x49\x89\x70\x34\x2e\x61\xfd\xb7\x62\x47\xb7\xa9\xef\x38"
	"\xf6\xc6\xdc\x9d\x7e\x2d\x38\x3b\x59\x71\xfb\xaa\xca\x0a\x7b\x21"
	"\x0f\x62\x79\xcb\x6b\x2b\xac\x28\x0b\x31\x8c\xec\xc9\xb1\x88\x3d"
	"\xc4\x08\x5b\xe0\xa4\x74\xa7\xe3\xe3\x8a\xde\xb8\xe7\x3b\xcf\xf5"
	"\xec\xdf\x75\x8e\xad\x86\x53\x90\x7d\xa4\xc8\x19\xad\xbb\x24\x8e"
	"\xe3\xae\xc4\xae\x99\x00\x84\xb6\xef\xba\xc9\x8a\x24\x85\xc6\x1f"
	"\xae\x19\x04\x94\x32\xd7\x0d\xec\xb0\xbc\xdc\x11\xd6\xd1\xa2\x5e"
	"\x81\x95\x7f\xd8\x07\x02\x6d\xa3\x53\xd9\x71\x66\xaf\x75\x71\xcc"
	"\xdb\xc2\xde\xe4\xf4\x3e\x76\x3d\x2b\x4a\xec\x50\x16\x04\x7e\xfa"
	"\x5e\xce\x20\xee\x72\xd8\x3a\xf6\x45\x43\xfe\xde\x14\xfb\x03\x5f"
	"\x07\xbd\x14\xf6\x41\xb6\x72\xf6\xbe\x64\x5c\x9a\xb6\xad\x19\x3d"
	"\xd2\x22\xa4\xa2\x75\xc5\x0a\x9e\xaf\x2b\x69\x21\x76\xf1\xf6\xa5"
	"\x81\x03\x73\x42\xde\xac\xe8\x23\x81\xf4\x1c\x27\x58\x89\x0b\x57"
	"\xe2\xec\xdf\x75\x43\x3b\xe4\xbc\x7a\x32\xe9\x14\x65\x4e\xb2\x15"
	"\x30\xb6\xaa\xbd\x19\x77\x3d\xdf\x5b\x01\xa3\xbb\x35\x85\x3b\xc9"
	"\x0b\x02\x9c\xcd\x66\x02\x6e\x93\x28\x5c\xd1\xcc\x35\x8b\x42\x27"
	"\xb6\x4f\xc7\x8f\x39\x8f\x3c\xcf\x3e\x12\x1e\xf1\xad\xc9\xa4\x3b"
	"\xaa\x03\xed\x15\x0a\x7b\x9a\xd7\x7b\x6e\x68\xf4\x2e\x63\x2b\x16"
	"\x8f\x3c\x15\xdd\x0d\x66\xbe\xe7\xb5\xd8\x3d\x1c\x8a\xa2\x34\xd7"
	"\xba\xb9\x90\x31\x77\xc5\x04\x7b\x2b\x3c\xd7\xee\xfd\xa7\x4b\x28"
	"\x5c\x1a\x80\xfe\xc4\x26\x8a\xfd\x12\x22\xc9\x3f\x30\x55\x57\x61"
	"\xf4\x34\xb6\x4b\xdc\x84\x8c\x72\x29\x06\x17\x4c\x70\x8d\x64\x07"
	"\x73\x76\xe0\xbe\xa8\xf5\xa8\xd0\x94\x4c\x42\x17\xbe\x80\x1a\x60"
	"\xda\x1d\x5a\xa1\x43\x6e\xdc\x15\xda\xc7\xf8\x85\xe9\x94\x65\x87"
	"\x7b\xeb\xca\xe1\xfe\xd3\x72\xac\x58\x3a\x66\x2f\x24\xff\xf4\x05"
	"\xff\x9f\xbe\xe0\xfd\xc3\x17\x90\x63\x41\xf8\x6c\x48\xc5\x57\xb5"
	"\xf3\x70\xbb\x6e\x18\x11\xac\x9e\x05\x88\x5b\x82\x72\xba\xcd\xb3"
	"\x2c\xcf\xae\x04\xb7\x08\x93\x9c\xc8\x6f\x8b\xdf\x11\x14\x53\xd7"
	"\x0d\xf5\x54\xec\xe6\xdc\xa0\x35\x9c\x9a\xa9\x8d\x57\x2a\xbe\x64"
	"\x54\xb7\x51\xc0\x2d\x25\x2e\xc2\x95\xd7\x5f\x0a\xf8\xad\x23\x66"
	"\x3e\x8e\x1d\xa5\xf6\xc5\xa4\x24\x09\x8c\xe9\xec\x6b\x8f\x18\xc5"
	"\xe0\x7f\x20\x14\x72\xec\xa2\xe7\x86\xca\x72\x88\x01\xd5\x18\x6b"
	"\x5f\x48\xe2\x5d\x9e\x7b\x06\x14\x70\xed\xd7\x70\xb7\x27\x91\x26"
	"\x60\xcb\x7f\xdd\x18\xe4\x35\x84\xfe\xa1\xc4\x98\xc6\x43\x4e\xe6"
	"\x74\xd4\x33\x44\x4a\x5d\xc7\x94\x0b\x78\x13\x97\xc0\x52\x20\x36"
	"\x75\x30\x41\xa3\x43\xe6\x34\xdc\x70\xcd\x8b\x99\xee\x92\x30\x0e"
	"\x4c\x15\xb9\x50\x7b\x1f\x00\xe8\x5c\x60\x67\x9e\xa3\x7e\x6a\x2a"
	"\x4e\x9a\x07\x70\x32\xb3\x75\x57\xd6\x96\xbe\x71\x38\x17\x94\x89"
	"\xe2\x9f\x8c\xad\x47\xd0\x4d\x64\x7f\x21\x27\x09\x90\x61\x1c\x77"
	"\xa4\x69\xc8\x83\x01\x9a\x35\x67\x2f\x72\xda\xbe\xa1\x99\x0d\x19"
	"\x85\xab\x91\xb1\x11\xd9\xd0\x62\xb9\xff\x97\x97\x70\x87\xa7\xf7"
	"\x67\x49\xbc\x5d\xfc\x52\xdd\x0d\xdc\x23\xd7\x99\x6d\x16\x57\x4f"
	"\x3e\x80\x7f\x71\x3a\x2c\x89\x00\x86\xf2\x7b\xaa\xb5\xb3\x91\xf2"
	"\xb2\xd8\xd6\xcc\x5b\xa6\xdc\x90\x8b\x29\x55\xe5\xef\x2c\xde\x34"
	"\x80\x84\x94\xce\x22\x9d\xcd\x93\x69\x52\x4b\x1a\xa4\xde\x9a\x01"
	"\xea\x26\x8d\x61\x46\xb4\xa8\xfe\xbf\x27\x34\xd7\x12\x60\xa6\x7f"
	"\x3e\xbd\x3f\x7d\x86\x50\xb5\x37\x72\xd5\x61\xfa\x9f\xda\xc2\x9f"
	"\xb5\xa6\xc1\xc7\xa2\xdd\x24\x5d\xcd\xa7\xfe\x6d\x8a\xf5\x52\x3e"
	"\x46\x2b\x43\xca\xee\xa8\xa8\x6d\x32\x8c\x51\x00\xcc\xca\xf4\xbe"
	"\x56\x92\x61\x1b\x8c\x85\x74\x84\xc1\x65\x06\x64\x87\x60\xa8\x31"
	"\xb7\xcd\xcb\xf2\x33\x9d\xb2\x99\x29\x0e\x9c\x97\xf7\x2f\x4f\x5f"
	"\x97\xae\xf1\x7d\x31\x25\xf1\xf2\xdc\xd0\x45\x89\x12\x6f\xba\x42"
	"\x28\xee\xdb\xb7\xd7\x9f\xa4\xe0\x87\x4a\x57\xba\xe9\x6b\x28\x46"
	"\xfb\x34\x60\xcc\x76\x75\xe9\xb8\x8e\xa9\xad\xae\x28\xd7\x84\x1a"
	"\x8a\x2a\xd9\xc7\xc0\x9b\x05\x31\xe9\xee\xe1\xb7\x6b\x40\xed\xf3"
	"\xee\x44\x1a\xa1\x97\x07\x66\xf9\x7f\x02\x44\xda\x73\x23\x8c\xde"
	"\xf6\xd3\x1b\xc5\x0d\xbc\xdb\xc9\x50\x2d\x0e\xf2\xfe\xe1\x42\xd2"
	"\xbd\xa6\xd1\x85\x26\xe2\x63\x7a\xff\x04\xd2\x9a\x20\x90\x7f\x59"
	"\x68\x83\xc8\xf5\x88\x19\xb3\xe5\xed\xe1\xa8\x66\x8b\x8c\x19\x05"
	"\x92\x89\x42\x4c\x8a\xe5\x4e\xb1\x27\xa2\xb6\x9f\xb3\x37\x14\xbf"
	"\xb7\x86\x50\x62\xfe\x06\x4b\xd3\x23\xe2\x09\x74\x45\xb8\x51\xc1"
	"\xe2\xd6\xd8\x00\xfd\xac\xf6\x2b\x27\xc0\xe9\xc1\x57\x40\x6d\xb0"
	"\x62\xd7\x46\x6d\x64\xec\x98\xde\xcf\xa8\x66\xd6\xc4\x48\x93\x9a"
	"\xc4\x3b\x56\x76\x65\x6d\x4b\x24\x05\x97\x5e\x22\x49\x17\xf7\x45"
	"\x2a\xe6\x83\xc6\x84\x96\x3c\x73\xd8\x65\x09\x7f\x80\x80\x4d\x47"
	"\xae\x9b\x71\x0e\xe7\x21\xe0\xc1\xc4\x54\x1b\x9e\xa6\x29\xc2\x5e"
	"\x42\x61\x8c\x1c\xb3\x52\x1f\x9a\xe3\xd2\x1b\x4b\x4e\xd2\x1b\x1e"
	"\x76\xbc\xa0\x30\xd5\x53\x2d\x33\xe3\x0d\x96\xb7\x0f\xc7\x8a\x01"
	"\x5b\xe0\x38\x86\xc5\x43\x73\x04\x77\xc3\x9a\xc9\x83\xa8\xb2\x20"
	"\x33\xbe\x89\x01\x41\x8a\x52\x85\x2b\x7c\x30\x58\xc8\x6a\xc0\x40"
	"\x1b\xcf\x17\x19\x02\x25\xa2\x22\xde\xeb\x59\x99\x06\x03\xa1\x9e"
	"\xea\xea\xb3\x66\x21\x1a\x91\xce\x5d\x4c\x41\x2c\x78\x2a\x7e\x6a"
	"\x8a\x39\xb6\x95\x0f\x58\xa7\x0e\xcd\xd9\x9c\x18\x97\xfc\x5e\x2a"
	"\x1e\xc7\xd2\x60\x48\x6c\xe4\x97\x56\x57\xe3\xb0\x12\x70\x2c\x22"
	"\xef\xff\xc1\xc8\x76\xfa\x58\x91\xa4\xce\x9e\x1d\x04\x34\x3f\x4f"
	"\x1f\x52\xe9\xca\xa2\x9c\x7d\xff\xfa\xfa\xf1\xe5\xfb\xd7\x97\xbf"
	"\x45\x7b\x40\xe6\xe9\x9f\x5f\xbe\xeb\x96\x10\x78\x8d\x34\x5b\xa5"
	"\x17\xc8\x50\x9c\xf9\x11\x09\xed\xd0\xe7\x80\xfb\x4b\xdf\x00\xe2"
	"\x5f\x23\xa2\xe4\x69\xe0\x23\x1b\xeb\x01\x53\xa7\x64\x13\x06\xee"
	"\x0a\xcc\xdf\x66\x4c\x71\x4c\x79\x53\x1a\x31\x98\x63\xb7\x3c\xab"
	"\xca\xd7\xa6\x42\xcb\x36\xad\x4b\x9d\x85\x13\x20\xfa\x88\x35\xa0"
	"\x55\x0c\x9d\x04\x1d\x73\xd5\x62\x81\x2b\x7a\xce\x3a\x0d\xa3\xe6"
	"\xbf\x3f\x3e\x5e\xbe\xdd\xfd\x06\xb1\x2d\x94\x7a\x71\xf7\xaf\x6f"
	"\x6f\x3f\x3e\xbe\xfe\xf7\xee\xe5\xdb\x6f\x2f\xcf\xcf\x2f\xcf\x77"
	"\xbf\xf4\xa8\x9f\x84\xde\xf0\x59\x74\xf4\xbf\xe7\x3d\xdc\x93\xc2"
	"\xa0\xa5\x4f\xc1\xcb\xdd\xd8\xaf\x59\x0e\x61\xdb\x64\x48\x9a\x81"
	"\xf4\x0d\xc5\xe6\x34\x3f\x7b\x48\x2b\xa8\x19\x25\x9c\x4d\x17\x72"
	"\x92\x01\x13\xdb\x07\xfd\x0c\x01\x72\x19\xf7\x89\xee\xb2\x69\xc4"
	"\x16\x48\x13\x5d\xee\x41\x68\xac\xd5\x51\xcc\x25\x59\x71\x8f\xca"
	"\xab\x85\x1d\xd4\x44\x2c\x86\x9f\xbd\x35\x9a\x7b\xbf\xc5\x48\xf4"
	"\x84\x3e\xe3\x05\xae\xb3\x9c\x09\x7a\xc1\xbc\x32\xac\xa0\x1c\xa1"
	"\x92\x02\xb1\x5a\x1b\x97\xf6\xa8\x7f\x8b\x59\xf1\x55\xe8\x91\x02"
	"\xf3\x0b\xa3\x30\xd0\x9e\x9e\x9f\xbe\xcb\xa9\x72\x69\x77\x2a\x7b"
	"\xbb\xa8\xc0\x56\xf6\xe4\xe1\x79\xf5\x41\x3a\xc4\x86\x08\xbb\x31"
	"\x91\x95\xaf\xb6\x15\xdf\x9d\x1e\x1f\xbb\x8a\x21\x91\xe7\x00\xc6"
	"\x89\xe8\x60\xa1\x5a\xe3\x80\xe2\xf8\x30\x27\x1e\x97\x85\xae\x3e"
	"\xfe\x54\x33\x5c\x5f\xb1\xd1\x77\x32\xaf\x14\xe3\xa7\x2d\x9a\x01"
	"\x2b\xc9\x39\x37\x8c\x7e\x45\x56\xdd\xd8\x20\xa4\xdc\x57\x16\xc8"
	"\x56\xeb\x8e\xcb\x66\x1e\x38\x75\x81\x3b\xf4\x08\x99\x0a\x45\x3a"
	"\x7f\x43\xbb\x35\xa9\x8b\x3b\xfa\xf4\x03\x3a\x3b\x7d\x7b\xfd\x78"
	"\x7f\xfb\xfa\x55\xfc\x9a\x2d\x9b\x48\xf2\x74\x4a\x35\x4d\xaf\xe1"
	"\x80\xb8\x55\x74\x9e\x62\x89\xc0\x38\x44\x40\x6c\x62\xde\x00\xb9"
	"\x69\x36\x52\x15\x1f\xe6\x1a\x14\x82\x7e\xd5\x20\x04\xcd\x0e\x8d"
	"\x16\x20\xe4\x95\x1a\x4f\xa8\x5c\x6c\x92\x3c\x0f\x95\x0e\x5e\xf8"
	"\x48\xcf\x88\x2f\x37\x0a\xa6\x5e\xba\xf2\x71\xea\x26\x05\x8b\x1c"
	"\x3c\xdd\x16\x2e\x04\x70\xe9\xe2\xd3\x9e\x88\x1f\x1f\x8e\x9f\x68"
	"\xdd\xed\x3f\xcd\xea\x7d\x1d\x02\xf5\xfb\xdb\xc7\xdb\xe7\xb7\xaf"
	"\xfd\x58\x58\xf4\xbc\xf8\xc1\xcc\xa7\x41\x0c\x41\x69\x64\xd8\x9b"
	"\x79\xc8\xa1\x09\x8a\x97\x79\xe4\xb5\x0e\x2a\xc7\x3f\x32\x56\xd3"
	"\x02\x09\xda\xab\x7f\x5e\xd7\x6c\x51\xcf\x9a\xd7\x77\x9f\xbf\xbe"
	"\x7d\xfe\x5f\x9d\xa2\x23\x84\x9d\x1b\x26\x89\x62\x6d\xc6\x6c\xf6"
	"\x15\xc9\xca\x1d\x98\x9b\x1f\x73\x2e\xbd\x0a\xc4\x23\xa9\x2e\x33"
	"\x2e\xf6\x62\xb0\x15\x1b\x19\xef\x3f\x3d\x3f\x7f\x01\x93\x7e\x31"
	"\xb7\xca\x8c\x7f\xfc\x7c\xd3\xee\x7a\x8d\x61\x19\x92\xac\x17\x74"
	"\x32\x5c\xef\x68\x29\x13\xcf\x95\x02\xb7\xc4\x83\x76\xb1\x3b\x1d"
	"\x25\x87\xfc\xf4\x0d\xf8\x4d\x9f\x85\x12\xcc\xc2\xb0\x99\xd4\x98"
	"\xa1\x5c\x04\x61\x65\x1d\xe4\x34\xad\x3d\x9f\x4d\x6f\x39\x66\x10"
	"\xe5\x84\x35\xce\xfe\x2a\x69\xdd\xd0\x69\x4d\xaf\xce\x4f\x14\x06"
	"\x81\x52\x03\xb0\xe7\x70\x5e\x11\x05\xda\x1c\xf3\xb4\x3f\x23\x3f"
	"\xeb\x26\x5e\x10\x4d\x78\x75\xfa\x07\x62\x47\xc2\x38\x50\x93\xde"
	"\x22\x3d\x8d\x22\x5b\xf5\x96\xea\xb3\x57\x8a\xe6\xd3\x9c\x6b\x4c"
	"\x35\x3b\x3a\x5d\xc9\x82\x2d\x28\x81\x95\x06\xaf\x22\xb9\x7d\x7b"
	"\xfa\xfe\x5d\xa8\x78\x32\x05\xcd\xc2\x26\x13\x88\xc5\x84\x23\x09"
	"\x8a\xf0\x3c\x0c\x33\xbb\x6a\x9c\x0b\xa9\x0d\x61\x3d\x76\x1c\xfe"
	"\xc3\x4e\x98\x24\xe4\x3a\xf6\x4c\x0a\x91\x42\x36\xe6\xf6\x38\x94"
	"\x97\x0c\x97\xd2\x6d\x12\x31\xe4\xb6\x5b\x01\xc4\xf7\x7d\xaa\x91"
	"\xae\x86\xc9\x3d\x9a\x84\x48\x1e\xba\x20\x45\x2e\x73\xa4\xbc\x85"
	"\xda\x19\xc4\x7a\xc5\x0b\xf4\x77\x59\xd5\x97\xbf\xbf\x8b\x29\x45"
	"\xd7\x75\x26\x3f\x8f\x1e\x70\xac\x0d\x75\x05\xcf\x01\xc7\xb1\x00"
	"\x3c\x43\x6b\xc9\x2d\x94\x6f\x06\x94\x51\x88\x04\x31\xea\x11\x70"
	"\x89\x62\x48\x82\xd7\x45\xea\x25\xee\xf2\xa0\x53\xa8\xf3\xcb\x06"
	"\xba\xae\x59\x96\xa6\x13\xa3\xde\x8d\x02\x63\xd5\xe1\xda\xb9\xb5"
	"\xb5\x9e\x6b\x00\xa4\xbe\x9f\x24\x86\xe6\xad\x0b\x56\x21\xf6\xfc"
	"\x6a\x60\x34\xc4\x0d\xa6\xf7\xbb\xca\xa9\x49\xa8\xb2\x78\xf5\x2e"
	"\xfa\x22\xc9\x3b\xb5\x8e\x68\xa7\x31\x25\x1b\x4e\x4e\x66\xaf\xc8"
	"\xc7\x43\x1c\x44\x43\xd2\x0a\x87\x7e\x9c\x73\x10\xfc\xca\xb1\xf3"
	"\xb3\x31\x58\x6c\xf7\xbd\x0d\x12\x19\x6c\x8c\x5b\x9b\x1e\xfe\x35"
	"\x8e\x51\x86\x6f\x7a\x09\x53\x8f\xaa\xdd\x0e\x23\x5f\x05\x4c\x93"
	"\x4b\x0a\x77\xc4\x0f\x56\x25\x0a\xbe\x85\xe5\xc3\xb2\x0f\xd4\x73"
	"\x03\x0d\x45\x0d\xdc\x64\x00\x45\x79\x87\x65\xe0\xcb\x2c\xed\xb6"
	"\x84\x73\xcc\x77\x54\x06\x50\xc5\x93\x81\x63\x23\x15\x48\xb9\x0e"
	"\x1d\xc4\x32\xb3\x4f\xbe\xcb\x98\x17\x23\x63\x7f\x02\x59\x91\x8a"
	"\x67\x84\x94\xf9\xbe\x12\xbb\x3f\xdf\x08\x62\x5b\x66\xac\x11\x26"
	"\x1f\x28\xdc\x31\xf9\x90\xfe\xf6\x93\x07\xf4\x73\x46\x0c\x58\x6e"
	"\xc6\x4e\xe0\xac\x01\x79\xc6\xd2\x16\xac\x06\x90\x11\x23\x12\x4a"
	"\x36\x88\x6d\xc8\x80\x29\xeb\x24\x46\x2c\x62\x07\x08\xfa\x39\xdf"
	"\xf2\x91\x2d\x64\xce\x87\xa7\x7e\x84\x70\xb1\x0e\x18\xe5\x9f\x2d"
	"\xc9\x43\x5a\x37\x88\xc2\xc8\x88\x16\xed\x1d\xb8\x61\x6b\xc7\x6c"
	"\x1c\x2b\xc6\x0b\x63\x2b\x26\xf6\x43\x1b\x26\x4c\x2c\x79\x31\xba"
	"\xf5\x83\xd8\xd8\xfb\x7b\x72\xda\xe7\x6a\xc2\x0b\xcc\x1f\x46\xc3"
	"\x43\xc7\x37\xf7\x6e\xc3\x37\x41\x18\x9a\x3f\x0b\x8f\x9e\x1c\xe4"
	"\x9e\xea\x3a\xf4\x3d\x3a\x24\xa9\x3d\xed\x9f\x99\xa1\xc9\x07\xc3"
	"\x91\xc7\x6c\xa3\xab\xae\x27\x9f\x3e\x84\x1e\xaa\xd3\x46\xaf\x71"
	"\x22\xb3\xd8\x47\x2c\x92\x47\x90\x60\x0d\x24\xb1\x40\x28\x38\x5e"
	"\xac\xc0\x84\x2b\x30\xd1\x0a\xcc\xc6\x8e\xf1\xad\xe5\xd9\x78\x81"
	"\x25\xd0\x66\xc6\x45\x0b\xda\x31\xc1\x2a\x8c\x6b\xc7\x44\x9e\x1d"
	"\x13\xaf\xc8\x2b\xb6\xb4\x33\x4b\xe3\xc8\xd6\x5f\x0b\xb2\x85\x25"
	"\x84\xb7\xb5\x39\x91\x8c\x45\x96\x90\xa8\x10\x92\xd4\x52\x92\x5d"
	"\xec\x26\x4e\xb8\xb3\x62\x12\x6f\xb7\xb7\x80\x42\x3f\x0e\x99\x19"
	"\xc3\x19\xcf\x4f\x9c\x60\xb1\x1f\x06\xdc\xbe\x0c\xdd\x04\xb1\x6a"
	"\x18\x61\x3c\xc7\x86\x89\x23\x87\xd8\x10\xe6\x51\xa1\xb6\x86\x18"
	"\x4f\x43\x0f\x3a\x14\x87\xc8\xf5\xcd\x7d\x51\xc0\xae\xef\x42\x2b"
	"\x73\x4a\x05\x4f\x62\x23\xe0\xd7\x34\x30\x17\x58\x28\x46\x8d\xeb"
	"\x59\x06\x86\xd8\xca\xe5\x58\x78\xf3\x2b\x46\x4e\xf0\xa1\x1d\xb3"
	"\x71\x6c\x18\xb1\x0a\xba\x56\x8c\xe7\x86\x76\x8c\xe7\xd9\x31\xc1"
	"\x8a\x74\x22\x67\x05\xc6\x5c\x66\xe9\xe3\xe2\xda\x31\x91\x13\x85"
	"\x76\x90\xbb\xb1\x63\xa2\xc4\x8a\xd9\xc4\x36\x88\xef\xc6\x96\x46"
	"\x84\x60\xbb\xb6\x69\x43\x62\xfc\x8d\x1d\x13\xac\xc8\xcb\x12\xb4"
	"\x59\x62\x56\x55\xcc\x32\x12\x69\x5a\xfb\xb6\x95\x94\xa7\x98\x3f"
	"\xc2\x6d\x0d\x48\x51\x9b\x91\x7e\xf4\xd0\xc8\xb7\x00\x2c\xeb\x8c"
	"\x00\x58\x53\x08\x6d\x80\xd8\x06\x48\x2c\x80\xc4\x56\xc8\xc4\x56"
	"\xc8\xc4\x56\xc8\xc4\x56\x48\xdb\xe4\x22\xf4\x0c\x1b\xc0\x56\x48"
	"\xb1\x6d\xf7\x03\x3b\x26\x70\x57\x60\xcc\xf5\xad\xd3\x24\xf6\x2d"
	"\x53\x0f\x60\x02\xcf\xdc\x2c\x47\x9e\x76\xc0\x1d\x4b\x0b\xc6\x51"
	"\x6b\x9d\x1e\x9a\x72\x31\x6f\xf8\x56\x4c\x6c\x19\x4f\x02\x23\x76"
	"\xca\x9e\x15\xb3\x71\xcc\x4d\x79\xac\x25\x07\xba\xa5\x09\x76\x49"
	"\x88\x38\x53\xd4\x14\xb3\x53\xb9\xbe\x7d\xa1\xd6\x05\x9b\x1d\xb8"
	"\x65\xb5\x11\x08\xcb\x4c\x21\x10\xfe\xdf\x36\x44\x6a\x51\xe1\x68"
	"\xee\xc6\xbe\xb9\xb3\x73\x9a\xce\xcf\xd7\x74\x18\xcf\xb5\x63\xa2"
	"\x8b\xe7\x58\x2a\x45\x59\x1a\xc4\x74\x1d\xc8\xf2\xe9\x29\xd8\xd6"
	"\xb7\x4c\xdd\x2c\x3d\x84\x91\xb7\x02\xe3\x9b\xf7\x2e\x8c\x73\x16"
	"\x87\xb6\x92\xd3\x28\xb2\x6d\x93\x52\xd7\x4b\xb2\xc4\xba\x2b\x63"
	"\xae\xe3\xda\x92\x62\x71\xe2\x25\x76\x4c\x6c\xd9\x2d\x88\x9e\x4b"
	"\x2c\xa3\xb1\x38\x12\xcf\xd9\x58\x21\x96\x2f\x4f\x40\x7c\xcf\xba"
	"\x42\xc6\xe6\x4f\x9c\x1f\x68\x6a\x59\xd2\x39\xad\x5d\xcb\x64\x22"
	"\x21\xbe\x1d\x92\xd8\x20\x81\x65\xc8\x03\xc4\x52\xe5\x33\x77\x3d"
	"\x8b\xa6\x77\x49\xfc\x38\xf6\xf7\x56\x4c\xe2\x66\x56\xcc\x66\x0d"
	"\xc6\x5b\x81\xf1\xed\x90\xd0\x06\x29\xe3\x24\xe4\x6c\x05\x2a\x3a"
	"\x5a\x6b\x2f\x3e\xf3\xc3\x6e\x05\x28\x9f\xa2\x86\x73\x5f\x58\xf1"
	"\x26\x21\x9c\xd5\x03\x45\x74\x08\x4c\x24\x6c\x29\xcb\x69\xde\xec"
	"\x25\xb5\xe3\x70\xfa\xad\x02\x2e\x76\x94\xdd\x6c\xaa\x07\xf0\x70"
	"\x4e\x34\x7b\x5c\x4d\x6e\x99\x87\xa7\x10\xc3\x50\xb2\x76\x42\x5c"
	"\x4c\x86\x97\xf7\x1a\x2c\x71\x5f\x41\x0c\xdd\xbc\xee\x2e\x05\xcb"
	"\x75\x29\x8e\x81\x3b\x52\x34\x92\x6a\x14\x71\xf4\xd4\xbc\x02\xae"
	"\x0d\x8a\xde\x66\xf5\x2b\xfd\x75\x4b\x59\x56\x29\xc1\x34\x89\xe1"
	"\x3d\xbc\x54\x1a\xa0\xb1\x9e\x00\x00\xeb\x99\x0e\x35\xa1\x19\x23"
	"\x57\x56\xcb\x52\x9d\xe1\xd8\xb1\x3e\x8d\xc6\xd1\xed\x34\x52\x86"
	"\x42\xed\x05\xba\x28\x8f\xf9\x79\x07\x11\xe1\x17\x43\x70\xaf\x4f"
	"\xaf\x60\xb5\x21\xb5\xdb\xd8\x04\xcf\xae\x19\xcd\xeb\xa7\xaa\x29"
	"\x3e\xe9\x5e\x96\x87\x90\x24\xad\x8b\xbb\xe2\xc8\xfd\xc0\x69\xc1"
	"\x3c\xe3\xfd\xdb\xc4\x27\x43\xdd\x2b\x3e\x7d\xfb\xf1\xd7\xeb\x1f"
	"\x1a\xf1\xdc\x1e\x11\x2f\xe2\x14\xd0\x9d\xbd\x89\xad\xf2\xd5\x56"
	"\x51\x53\xf5\xf1\x2d\x0e\x9e\xfe\x85\xf0\xf4\x90\x8d\xe3\x92\x0f"
	"\x4f\x16\xfe\xb6\x57\xc1\xb1\xba\x90\x87\xea\xc4\x0d\xc9\xf5\xd6"
	"\xe2\x2a\x0c\xb1\x26\x38\xe9\x15\xa7\xb7\x47\xb8\x3c\x7d\x7c\xfe"
	"\xf3\xf9\xed\x0f\x94\xf6\x90\x55\x3b\x3e\x2e\xfb\xf4\x26\x74\x10"
	"\x98\x82\x87\x18\x31\x8f\x45\xd1\x80\xcd\xa4\x11\x24\xbd\x56\xea"
	"\xc4\x09\x57\xc0\xb6\x8c\x98\x51\xbd\x9d\x9a\x16\xa4\xb3\xe2\x5c"
	"\xf6\x9b\x5d\xc2\x0e\x27\x9e\x55\x97\xe1\x6e\x71\x1a\xe3\xcb\x5c"
	"\x3c\xd8\xfa\xfb\xad\xa5\xd5\x28\xf0\x08\x79\x2e\x50\x4c\xe8\x2e"
	"\xa1\x7f\xfa\xed\xe9\xc7\xcb\xf3\xad\x6f\xd3\xa7\xf7\xe7\xc9\xc7"
	"\x20\x30\x75\xaa\xcb\x61\x3a\x26\xea\xf7\x97\x8f\x2f\xdf\x5e\xde"
	"\xfe\xfa\xb8\xdb\xbf\x89\x61\xf1\xfa\x36\x27\x33\xed\xc7\x56\xdd"
	"\xe4\x60\x4c\x55\x9d\xe4\x1c\xab\xb3\xa1\x03\xce\xa9\x8a\xb1\x62"
	"\x3b\x73\x8f\x61\x3a\x87\xe0\x6d\x4a\x89\x16\x0e\x82\xa5\xb9\x01"
	"\x18\xc5\xff\xfe\xd7\xeb\x67\xb0\xd9\x5a\xc6\xc1\x1a\x9a\x6c\x97"
	"\x2d\xbe\x33\x78\x46\x52\x9e\x6c\x82\x50\x7f\x66\x2a\x01\xcc\x8f"
	"\x11\x4d\x68\x10\x23\xa7\x4b\x35\x95\x93\x42\x1d\x86\xc8\xd9\xa4"
	"\x7c\x9f\x70\x2f\x89\x1d\x43\xfc\x45\x00\x49\x27\xe7\x5d\x99\x83"
	"\x39\xa1\x05\x75\x28\x53\x84\xda\x4a\x9a\x59\xa7\x34\xdc\x38\x88"
	"\x4e\x2c\x01\xd9\x26\x8c\x5d\x7a\x39\xe3\xd9\xb4\xb5\xe7\xe0\xb4"
	"\x26\xb2\xa1\x1b\xb0\xfc\xc5\xe5\x14\xdc\x29\x08\xde\x68\x19\xd9"
	"\x38\x3e\x5e\x46\x10\x87\x1e\x6a\x0d\x3a\x82\x98\x0a\x29\x21\xa1"
	"\x51\x8c\x9c\x94\x5f\xc5\xbe\x49\x8c\x79\x9b\x4b\x71\x79\xc4\x93"
	"\xee\x97\x9b\xb2\x26\x8c\xe1\x4d\x98\xba\x3e\x04\x56\x33\x35\xc2"
	"\x80\x31\xb5\xc2\xa1\x88\xc4\x5e\x40\x36\xbb\xde\x54\x93\x83\x55"
	"\x38\x2b\x52\x1f\x15\x8b\xe4\x67\x0e\x12\x93\x1c\xee\x73\x6a\x12"
	"\x27\x49\x4d\x13\xc7\xb1\xc8\x43\xb3\x3c\x72\x5a\xc3\x60\x6b\xdd"
	"\x20\x44\xce\x06\x7b\x40\x1c\x47\x86\x6f\x54\x01\x92\xc8\x02\xd8"
	"\xf8\x66\x40\x12\xd8\x00\x51\x68\x06\xc4\x8e\x11\x90\x6c\x9c\xd8"
	"\x2c\xf7\x2c\xef\x6f\x2c\xef\x6f\x12\x5c\xce\x23\xdf\xf4\x7a\x7e"
	"\xdc\x79\xee\x96\xea\x47\x59\xfe\x28\xdd\x7e\x6a\x7c\x46\x31\x4a"
	"\xcf\x45\x9d\x37\xd2\xcf\x0a\x85\x88\x15\xea\x84\x0a\xeb\x74\x17"
	"\x8a\xaf\x19\xef\x1e\xc3\xb5\xbe\x14\xa7\x21\x0f\x13\x83\xfc\x3e"
	"\x71\xf0\x96\x6b\x8e\x21\x8f\x5c\x5c\x0e\xb6\xae\xc6\xe5\x01\xc8"
	"\x69\x19\x72\x9d\x72\x95\x1b\xc6\xb7\x92\x7b\x46\xf9\xc9\x75\x2c"
	"\x72\x5d\x34\x95\x9b\xd4\x9b\x2f\xbc\xf0\x78\xeb\x18\x32\x2d\x82"
	"\x38\x6a\x2d\x15\xa7\xa1\x83\x2f\xcd\xec\xfe\x21\x11\x5f\xbe\x21"
	"\x0b\x8a\x50\x9c\x91\x6d\x1b\x3a\x96\x35\x99\x71\x5a\xe7\x58\x95"
	"\xa5\x65\xd9\xbc\xc6\xbc\xe8\x08\xf5\xfd\xb0\x05\x6e\x2c\x62\x58"
	"\xa4\xcb\xda\xdf\x18\xe6\x0a\x30\x0f\x4a\xf0\xe1\x22\xb2\x29\xa9"
	"\x61\xac\x93\x92\x22\xf1\x24\x80\x73\xca\x75\x10\xf3\x1d\x45\x48"
	"\x85\x51\x41\x9a\xd8\xaa\x64\xa1\x24\xc0\x30\x85\x2a\xc0\xc6\x31"
	"\x03\x3c\x37\x36\xd6\x5b\xb4\x8c\x41\x6f\xe8\x11\xa1\x61\x9a\xed"
	"\x73\x49\xcc\x80\x24\xb2\xd4\x74\xe3\x3a\x36\x80\x59\x39\xb9\x82"
	"\x4c\xeb\xbb\x00\x89\x95\x13\x31\x4c\xe1\x97\x32\x70\x7c\xc3\x20"
	"\x16\x80\xc8\x09\x2c\xa3\xfc\x52\xba\x5e\xec\x9b\x31\x25\xf5\x43"
	"\xc3\xe4\xc8\x53\x3f\x4c\x36\x78\x83\x91\xa6\x78\xac\x8e\xc4\xd8"
	"\x1c\x03\xc6\xd4\x1a\x17\x9a\x04\x06\x3d\x42\x88\x7d\xd7\xac\x0b"
	"\xf5\x10\x4b\x26\x7e\xe8\xd8\x52\xd9\x6c\x02\x7c\x25\x63\x7e\x58"
	"\x06\xae\x4d\x6e\x2c\xc5\x80\x31\x15\x43\x11\xb9\x65\xb1\xab\x8f"
	"\xef\x78\x25\xd9\x19\xcf\x52\x37\xe6\x1d\xcc\x4d\xed\x86\x50\x91"
	"\x69\xcf\x55\xc9\xc9\x3e\xd7\x27\x02\xc1\x34\x4e\xca\xdd\x9e\x9d"
	"\x28\x62\x8c\x78\x83\xc3\xb1\x97\x3c\xf5\x5a\xfb\x42\xdd\x54\xed"
	"\xc3\x5a\xb0\xd0\x13\xf7\xd8\x77\x7b\x43\xc1\x76\x10\x53\xc3\x46"
	"\xa8\x2c\xf4\x11\x55\x68\x04\x3a\x8a\xff\x6a\x0b\x48\xec\x13\x3c"
	"\x64\xae\x98\x81\x5c\x0b\x68\x47\x8e\xa1\x1f\x86\xb6\xa2\xa3\x86"
	"\xa3\x37\x48\xc1\xca\x8d\xef\x84\x76\x54\xe4\xc5\x2e\xb1\xc0\x60"
	"\x2d\x8b\xdd\x35\x20\xcf\x0a\x4a\x62\xaf\x5d\x01\xb2\xb6\x41\xa9"
	"\xa6\xa4\x15\xa8\x28\x8e\x2c\x28\xd8\x5d\x84\xc9\x0a\x54\x12\x05"
	"\x9b\x35\xa8\xc8\x59\x81\xc2\xec\xee\x67\x28\xc4\xa4\x62\x84\x12"
	"\x4a\xbb\x75\x64\xd5\xbb\xd3\x63\x8e\x31\xab\x8c\x60\xe7\x24\x71"
	"\xa2\x55\xa8\x64\x15\x6a\x63\x45\x5d\xa8\x71\x8a\xd2\x68\x9e\x23"
	"\xa1\x50\x0e\x9d\xc8\x36\x7c\xc5\x12\x1b\xba\x58\x78\xd2\x09\x2c"
	"\xf2\x7c\x6b\xe5\x95\x92\xe3\xf9\xab\x60\x71\xbb\x06\xe6\xae\x2a"
	"\x5b\xe8\x05\xb6\xd4\xce\xa8\x0b\xe1\xb8\x41\xb3\x8a\x61\x33\xc3"
	"\x72\x93\x72\x3d\xad\xcc\x0a\x32\x84\x67\x9a\x50\x59\x7c\x7b\x79"
	"\xfe\xf2\x74\xf7\xf9\xed\x5d\x13\xbd\x48\xbd\x95\x12\x0a\x14\x33"
	"\xb7\x97\x47\x67\xa0\x20\x57\x91\x2f\x3a\x7e\x1e\x20\xc8\x79\x29"
	"\x60\x81\xec\x85\x8b\xe5\x48\x0f\x9e\x40\x1b\x92\x81\xff\x18\x96"
	"\x2b\xcb\x9a\x15\xf9\xa5\x79\x6a\xcd\x88\x7a\xd4\x65\x87\x4a\x93"
	"\xc7\x20\x91\xce\x1f\x98\x17\x6f\x9f\x91\x0a\x4e\xa6\xe7\x8c\x39"
	"\x17\x59\x0e\x54\x82\x23\x56\x11\xf5\xe8\x1c\x94\x93\x4f\x43\x3d"
	"\x25\xd9\xd9\xe0\xce\xa2\x30\x6a\xe9\xa7\xc5\x51\xc6\xf7\x3c\xee"
	"\xb5\x41\x65\x20\x79\xf0\x5d\xf7\xc4\x4f\x9f\x7d\xef\x01\x09\x7d"
	"\xae\xb9\xa1\x51\x75\x91\xd1\x69\xd1\x46\x13\x89\x5e\x5d\x11\x75"
	"\x91\xb5\x55\xf9\x34\xae\xe8\x13\xf9\xdc\xe9\x74\xfc\x54\xe8\x4e"
	"\x29\x22\xa9\xc9\xb6\xac\xe0\xa2\x6b\x71\x33\xa4\x91\xa8\x47\xe7"
	"\xa4\xf3\x9c\x6e\x12\x8b\x3b\xef\x6f\x7e\x95\xa7\xf0\xe4\x4a\x4e"
	"\x8d\xf5\x3a\x43\x0e\x3a\x52\x08\x9f\x26\x3a\xb9\x3b\x87\x9d\x63"
	"\x83\x24\x6b\x20\xee\x0a\x88\x2e\xc0\xef\x04\xe1\x4d\x08\x2d\xce"
	"\xa2\x06\x67\x0f\xc9\x5c\x54\xad\x3b\xbb\x16\x61\xb7\xf4\x28\x3c"
	"\xbf\xbc\x3e\xbf\xbd\xdf\xed\x5e\x9e\x3e\xfe\x12\x73\x05\x7b\xf9"
	"\xf8\xf8\xf2\xfa\xc7\x78\xf0\x40\xc4\x56\xe9\xad\x22\x6f\x7a\xf5"
	"\x63\x57\x41\x68\xaa\xe3\x72\xb9\x09\x27\x37\x7f\x2c\x4f\x4f\x40"
	"\xec\xa5\x7a\xe6\xc4\x66\xdc\x5e\xb2\x1f\x9b\x9c\x43\x8c\xbb\x0a"
	"\x58\xbc\xf5\x9b\xa4\xaa\x60\xa8\x8c\xec\x64\xec\xde\xe1\x1b\x46"
	"\x28\x60\x9b\xf4\xd0\x89\x92\x34\x10\x07\x31\x85\x28\xa6\xb9\xe1"
	"\x23\x11\xb9\x65\xd9\x7d\x07\x41\x00\xbb\x9e\xea\xee\x1a\x3b\x15"
	"\x38\x87\xfa\xea\x68\x86\x1e\x21\x4c\x54\xdf\x45\x7c\xb2\x14\x86"
	"\x52\x2e\xba\xc9\x33\x41\xda\x56\x40\x42\x13\xe2\x20\xe6\xe0\x33"
	"\xa2\x51\x5c\xcb\x72\x82\x7c\x74\x53\xcb\x15\x21\x12\x71\x7d\x4d"
	"\x3d\x28\x95\x12\x73\xf2\x50\x82\xff\x67\xed\xca\x9a\xdc\xc6\x91"
	"\xf4\xfb\xfe\x0a\xc5\x3c\x4d\x47\xcc\xc6\xf0\x10\x0f\xcd\x46\x3f"
	"\x40\x3c\x24\xba\x78\x99\x00\x4b\x92\x5f\x18\xd5\x65\xb9\xbb\x62"
	"\xcb\x25\x47\x95\x3d\xeb\xfe\xf7\x8b\x04\x48\x89\x57\x12\xa8\xde"
	"\x7d\xf0\x21\xe0\x43\xe2\x4e\x24\xc0\x3c\xd6\x54\x89\x31\xd7\xf8"
	"\xc7\x62\xce\xd6\x12\x7e\x5d\xc9\x12\xf0\x7f\x01\xbe\xc7\x39\x3f"
	"\xea\xb9\xc5\x93\x49\x66\x33\x60\xb3\x32\xd1\x69\x90\x11\x6c\x73"
	"\x6d\x65\xa5\x5d\x57\x8b\xb0\xee\x3b\xd3\x6b\x93\x03\x4e\x86\x46"
	"\xe9\xc8\x75\x6f\x2f\xd3\xdd\x5a\x4d\xb1\xfd\xb0\xd4\x7d\x80\x39"
	"\x91\x26\xcc\xd6\x81\xad\xf7\xce\x29\xd0\x04\xea\xc0\xac\xd2\xd2"
	"\x83\xb9\x7a\x30\x5f\x0b\x76\xd4\x6a\x9b\x5d\x6a\x0d\x89\x9d\x6a"
	"\x75\xc1\xde\x9b\xba\xb0\x40\xaf\xde\x0f\x5a\x04\xd7\x91\xab\x37"
	"\xff\x7a\xb0\x58\xaf\x17\x99\xde\x98\x64\x7a\x3d\xcd\xb4\xe6\x6b"
	"\x77\xd0\x5b\x4b\xa9\x5e\x17\xf4\xd6\x92\x5d\x6e\x34\xa9\xd1\x52"
	"\x6f\x09\x7b\xf4\xa8\x03\xac\xca\xad\x2e\xbd\x8f\x5a\x40\xa6\x59"
	"\xb1\x95\x6a\x0e\xb3\xad\x07\x5b\xeb\xc1\x88\x1e\x2c\xd4\x81\x25"
	"\xd9\xd1\x72\x0d\x4d\xa4\x6d\x6b\x76\xc4\xd3\x25\x68\x19\xef\x40"
	"\xea\x31\x03\xe8\x91\xb9\xd1\x45\x3a\xbe\x2e\x72\xad\xb5\x57\x68"
	"\x65\x39\x1b\xbd\x53\x81\xe8\xd1\xf3\xd7\xae\x66\x13\x1d\x4f\x17"
	"\x69\x9b\xda\x34\xdf\x81\xf4\xf5\xb8\xeb\x64\x78\x66\xf8\x57\xe0"
	"\x18\xb6\xe0\x74\xc8\x89\xbf\xe3\xf7\x49\x2d\x26\xd2\x3d\xdb\x6a"
	"\xf6\xc1\xb7\x34\x91\xae\xf6\xb8\xd8\x8e\x1e\xcb\x0e\xb5\xd6\xd7"
	"\x3e\x31\x6d\xdb\xd5\x43\x3a\x8e\x16\x70\x37\x3d\xa1\xe6\x66\xc4"
	"\xe0\x77\xf8\xa5\x19\x01\x80\xd6\xe8\x41\x2c\x1d\x53\x5d\xe3\x87"
	"\x7c\xa9\x3a\xca\x57\x88\xa9\xd5\x6c\x9f\xd8\x2d\x9d\x91\x40\x1c"
	"\x30\x5c\xaa\x84\x4c\x72\xe7\xd9\x6b\xe5\x9a\xbe\x22\x1d\x5d\xa4"
	"\x67\xea\x20\xc3\xc3\xc6\x33\xd7\xba\x48\xdf\xd0\x44\xfa\xc6\x5a"
	"\x1b\xe9\x2d\x8f\xef\x15\xe7\x23\xf3\xd4\x01\x2c\x5b\xb7\x4a\x7b"
	"\xa3\x3d\x88\x96\x0e\x32\x0d\x7c\x5e\xbd\xe9\x69\x53\x3d\xea\x20"
	"\x3f\x05\x8e\x6d\x6b\x02\xdd\x8d\x6e\xdf\xf5\x5a\x19\x83\x06\x9e"
	"\x16\xcd\x1d\xdb\x78\x9e\xbf\x3c\x85\x22\xe2\x0e\xbe\x0b\x64\x36"
	"\x7c\x12\x55\x8b\x08\x12\x2b\x75\x4b\xf4\xb0\xad\xd2\x84\x36\xb8"
	"\x36\x0d\xf7\x3d\x60\x4f\x0f\x2c\x74\x7f\xb5\x90\xc2\xdf\xaa\x0e"
	"\xf0\x8e\x85\x96\xbb\xd1\xed\x59\xe6\xcc\x6c\xf4\x39\x24\x39\x80"
	"\x87\x13\x6c\xb7\x15\xd7\x5b\xf2\xe2\xca\x80\x00\xa6\xf0\x0c\xa4"
	"\x86\x96\x24\x06\xd3\x8c\x25\x48\x14\x95\x55\x91\xcd\xd0\x9a\x7b"
	"\x72\xec\xc8\x16\x94\xf1\x52\x41\x44\xb1\x57\xcb\x29\x90\x9f\x8e"
	"\xc1\x84\x81\x97\x25\x24\xb7\xcf\x6c\xc8\xa0\x74\x18\xab\xc3\x2c"
	"\x76\xf8\x0a\x36\xf5\xc1\xf6\x7b\x28\xdb\xef\xa3\x6c\x2e\x91\x56"
	"\x0d\x19\x65\xd5\xfb\x67\xa4\xb9\x2f\x58\xcf\x5b\xa3\x7c\xc6\xbe"
	"\x3e\x31\xdf\x5e\x0b\x8b\xa0\x2d\x8c\xbc\x6b\x5f\xdf\xca\xb1\x67"
	"\xed\xdb\x63\xba\x08\x6b\x9d\x62\xf6\x21\x12\xdd\xf9\x4f\xa6\x0e"
	"\x1f\x1b\xc4\x74\x6a\x8a\xfc\x50\x46\x3b\x4d\x68\x16\x07\x1a\xc8"
	"\x76\xd8\x76\x74\x11\xbc\x6f\xee\xa3\x5a\x35\xf4\x14\x7f\x9a\x97"
	"\xaf\xd1\x83\x21\xe3\x23\x2a\xdc\x66\xb5\xc3\x39\xf5\x9f\x2a\x3f"
	"\x38\x9d\x3f\xaf\xb2\x2c\xf8\x27\x0d\x93\xa2\xf3\x9f\xdc\xd3\x1a"
	"\x97\xdf\x81\x48\x48\x4a\x26\xa7\x64\x90\x4e\x9d\xc8\xf6\x6d\xa3"
	"\xfb\xb2\xd1\x59\xa1\x50\xf7\x78\x5c\xc5\x59\xfb\x8d\x63\xf5\xf7"
	"\xd6\x07\xb6\x50\xca\xff\x65\x4c\x1b\x34\xae\x06\x1f\x28\xdb\x54"
	"\xc4\x3e\xef\x5a\xb1\xe7\x0f\x2d\xcd\xdf\xd5\x82\x29\xb9\x8d\x3b"
	"\xe3\xc8\xef\xff\x42\xce\xfe\xff\x23\x97\xac\x3d\x44\xbd\xf7\x06"
	"\x40\x1e\x7b\xe1\x6b\x52\x56\x61\xea\xc5\x90\x1b\xd2\x6d\xb5\x44"
	"\x7b\x4f\xaa\x3b\x55\xbe\x85\x52\xbf\x8b\x30\x9f\x76\x90\x5b\x11"
	"\x88\xc8\x95\x17\x78\xd3\xc9\xc6\x58\x5a\x07\x2c\x22\xfc\x02\xbb"
	"\x5e\x6a\x1f\x21\x9e\x67\xb8\xfb\x45\x22\xb1\xeb\x23\x9a\xee\x12"
	"\x21\x95\xc0\x26\xf3\xc9\xce\x3f\x1f\xde\x56\xc9\xcb\xdb\xf7\xd7"
	"\x1f\x5f\xcf\x2f\xdf\xdf\x56\x00\xf4\x7f\x0e\xe6\x96\xcd\xcc\x6b"
	"\x70\x2a\x2b\x60\x9c\x73\xe1\xe2\xfa\xbb\x7b\x5b\xc7\xd6\x28\xdc"
	"\xca\x2d\xbd\xfd\x7c\x39\x49\xe7\x1c\xb2\x28\xe9\x6c\x89\x4c\xd8"
	"\xc9\xcd\x65\x85\x19\x69\xe8\x6e\xf8\x89\xf2\xe1\xe5\xf1\xe9\xf9"
	"\xf9\xe1\xf5\xcf\x9b\x8b\xfe\xef\x3f\x5e\xf8\xbf\xff\xe0\x0d\x7d"
	"\x79\xbb\xc0\x7f\x9e\xac\x47\xfe\xeb\xdb\xd3\x3f\x56\x5f\x5e\x2f"
	"\x2f\xdf\xcf\x2f\x9f\xdf\x7e\x19\x7f\xc2\xa6\xf5\x36\xac\xee\x45"
	"\x88\x80\xab\xd4\x38\xfc\x86\xcd\x18\x09\xf6\x5d\xe5\xe4\xc7\xe7"
	"\xa7\xcb\xea\xf3\xf9\xf1\xf2\x59\xd4\xf5\xed\xf5\xf2\x78\x7e\x83"
	"\xea\x84\x03\xe3\xaf\x4f\x3f\x7b\x86\x6f\x55\x48\xaf\xd0\x2e\xed"
	"\xfe\xe9\xf3\xf9\x82\xa4\x02\x85\x87\x41\x05\xc3\xfc\xf3\xcb\x30"
	"\x35\x78\xf8\x7a\x7e\x7d\x68\xfb\xdb\x0b\xc1\x21\x32\xe3\xe7\x87"
	"\xb7\x3f\xc6\x89\x92\xce\xd3\x57\xde\xec\x7f\x9f\x61\x55\xac\x20"
	"\x76\xc1\x35\x5b\xf4\xee\x9f\x12\xf4\x78\xe1\x28\xde\x35\x30\xdb"
	"\x19\x80\x68\x58\xad\xc4\x50\x0f\x93\xb3\xa7\xb7\xc7\x33\x9f\x91"
	"\x97\xf3\xe5\xc7\xdb\xea\x8f\xf3\xf3\xb7\x31\x82\xca\x79\x59\xfd"
	"\x00\xf3\x27\x4e\xf5\xed\xf2\xd8\x3c\xca\x2e\xc8\x39\xbc\x92\x12"
	"\x33\x0c\x2a\x76\x64\xc2\xf3\xe5\xa4\xb0\x3a\x17\x07\xca\x34\x11"
	"\xfc\xf5\x97\xfd\x4f\x2e\xfd\x3c\x16\x12\xdf\xda\x18\x0b\x99\xde"
	"\x11\xcd\x34\x79\xae\x89\xe6\x6e\x7c\xdf\x43\x32\x05\x1b\x30\x97"
	"\x32\x91\x92\x19\xb3\x8c\x23\xd2\xa0\x63\x60\x19\x96\x8f\xe5\x41"
	"\x0c\x6b\x2c\x6f\x8d\xe6\x65\xc1\x7a\x4d\x7d\xc3\xee\x16\x3b\xbb"
	"\x5c\x9e\xdf\xc0\xf7\x36\x5f\x45\xe7\xe7\xcb\xb7\xd5\xcb\xf9\x7f"
	"\x6e\x5b\xa9\x9b\xad\xdd\xeb\xc3\xb7\x3f\x9e\x1e\x27\x91\x34\x48"
	"\x95\xad\x76\x65\x0d\x2e\xf0\xbf\x3c\xfd\xfe\xe3\xf5\x01\x2c\xc0"
	"\x7a\x13\x49\xd2\x44\x7c\x09\x85\xf3\x7f\x64\x73\x2a\xf2\xb6\x49"
	"\x5c\xc1\xb7\xd7\xca\xdc\x94\xc8\xd7\xf2\x01\xcc\x72\x10\xff\x64"
	"\x23\x98\xab\x45\xcd\xb6\xca\x59\x95\xf9\x21\xc8\x2f\xfb\xf3\x0a"
	"\x79\x59\x12\xee\x48\x15\x8e\x52\x77\x52\x41\x67\x46\x63\xa5\x57"
	"\xa6\x09\xef\x63\x8a\x37\xad\x43\x49\x33\x52\x19\x4d\x0d\x47\xb7"
	"\x16\xc2\x0b\x00\xce\x54\x63\x44\x11\x43\x00\xa2\x23\xdc\xac\x26"
	"\x8d\x15\xe1\x39\x38\x4b\xbc\x5b\xaa\x1b\xd3\x50\x11\xd9\xa2\x56"
	"\x15\x28\x2f\xc4\xbf\x58\xe3\xaa\x48\x98\xc7\x4f\x5a\x47\x4f\x94"
	"\x45\x99\x6a\x70\xac\x6c\x2b\xad\xb2\x71\x48\x79\xa8\x84\x71\xad"
	"\x87\xa9\xa3\x8b\x29\xe1\xa7\x59\x75\x6a\xe2\x3a\x4d\x4f\x0d\xf8"
	"\xea\x47\x7c\xe8\x5d\x07\x9c\x1f\x67\xfc\x47\xd9\x08\x67\x8f\x19"
	"\xc9\x35\xe0\x6d\x58\x3e\xa9\x1c\x80\xc3\x3f\x14\x5c\x5a\xaa\xb3"
	"\x72\xa1\x47\x55\x1c\xe4\xf0\x42\x08\x7f\x78\x46\x48\xaa\x85\xd0"
	"\x2f\x70\x21\xca\xf9\x85\xe8\xd7\xbf\x81\x10\xfd\xb7\xe1\xae\xe5"
	"\xeb\x74\xb4\xc0\xa5\xeb\x4a\x7a\x9a\x4f\xbf\x8b\xaa\x3c\x4a\xa5"
	"\x91\xf3\x64\xca\x48\xb5\x4d\x58\x54\x2d\x29\x63\x01\x6c\x7f\x68"
	"\xa2\xaa\x02\xad\x09\x73\xed\x3b\x1b\xdf\xe2\x4b\x84\x35\x24\x8e"
	"\xf9\x99\x3d\x34\xaa\x96\x3b\x2e\xca\x1c\x3e\x7e\x49\xba\x30\xc4"
	"\x5d\x57\xa5\x1a\x49\x25\x94\x4c\x92\xbc\x8b\x84\xf8\xfe\x72\xa4"
	"\xca\xb0\xd6\x5f\xd5\xa2\xe4\x98\x9e\x7f\xfe\xf9\x72\x79\xfb\xdb"
	"\x7f\xcc\x50\x15\xa6\xff\xa3\x51\xec\x74\x0b\xa6\xe3\xde\xa9\x38"
	"\x65\xf3\xe9\x15\x2b\xb3\xc9\xd0\xb4\x79\x49\x5c\x16\xf8\xde\x17"
	"\x90\x8f\x05\xc5\x4a\xe3\xa6\xf4\x7d\xd4\x96\xd1\x26\x2b\x90\xde"
	"\x0c\xa3\x1b\x0f\xb3\x40\x89\x82\x55\x51\x84\x55\x9f\xa6\x81\xa2"
	"\xea\x20\x05\xab\x7b\x3a\x65\x60\x7c\xd9\x24\xf1\xa9\xa9\x59\x92"
	"\x26\x54\xb8\x3b\xc0\x67\x9a\xd1\x9d\xee\x32\xa0\x59\xd0\x91\x86"
	"\x53\x4f\x55\xea\x40\xee\xa2\xba\x6c\x1d\x3d\x1c\x88\x12\xbf\x15"
	"\xc0\xaa\xcc\x9a\xc3\x3e\x49\x41\xc1\x88\x5f\xcc\x72\xb0\x9c\x03"
	"\xf5\x7a\xbc\xb8\x08\xc5\x60\x87\x4d\x19\x91\x3b\xd1\x3e\x65\x4d"
	"\xe2\xf9\x82\x04\x8c\x5f\xcc\xe5\x08\x2a\x4b\xd4\x79\x22\x15\x21"
	"\xa9\x12\x2a\xf9\x81\x74\xf8\x31\x66\x57\x08\xb3\x2a\xab\x24\xe3"
	"\xac\x6a\x32\x8f\x3d\x08\x6f\x30\x4b\x48\xb5\xb0\x65\x05\x93\xa9"
	"\x26\xb3\x2d\x63\x98\x3c\x3f\x7c\xff\x72\x79\xfd\xca\xaf\x0a\xe7"
	"\xc7\xa7\x2f\x4f\x8f\xab\xcb\x37\x90\x55\xae\x12\xce\x15\x30\x4a"
	"\x0f\xcf\xbf\xfd\xf8\x7d\x9c\x78\xbb\x71\x09\x81\x67\x9c\x7d\xb8"
	"\xbc\xfe\xf7\xc3\xeb\xe5\xc7\xcb\xd0\xe6\x3f\x9c\x65\x1d\x3c\x55"
	"\xaa\x2f\x85\x74\x10\xaa\x08\xd2\xc3\x12\x54\x58\x91\x42\x9c\xfb"
	"\x41\x28\xe2\x36\x00\xda\xf5\xf2\x12\x94\xab\xbf\xcb\x1b\x4c\x70"
	"\x29\xbb\x9b\xcb\x2f\x13\x09\x4d\x82\xb3\x70\x95\x3e\xfd\xf6\x0a"
	"\x57\x2c\xde\xde\xef\x4f\x2f\xe7\x39\x97\x1d\xfb\xb0\x02\xe9\x51"
	"\x8a\x24\x45\xce\x0f\xb5\xb2\x1c\x05\xcf\x6c\x03\x62\x01\xc7\xeb"
	"\x84\xc5\xd6\xa1\x45\x4f\xae\xef\x5e\xa2\x2a\x52\xee\x93\x80\xc2"
	"\xa3\xd8\xc0\x9f\x85\x25\xec\xf6\x26\xe7\xba\xbc\xea\xbc\xf2\x5b"
	"\xc4\xea\xb7\x1f\x5f\xbe\x40\x98\xa5\x31\xe5\x78\xcb\x87\x22\x04"
	"\x0f\xa3\x37\x66\xc3\xd3\xe4\x5e\xed\x27\xf5\xeb\xeb\x2e\xbf\x0d"
	"\x17\x8f\xe7\x34\x12\x81\x28\xff\x13\x27\x69\x5a\x0d\x2e\x8d\x6d"
	"\x46\x50\x94\x27\x5e\x9c\x4c\x32\xf8\x5a\xde\x45\xdb\x34\x19\xf0"
	"\x25\xa0\xc4\xc5\xaa\x64\x97\x73\xe9\x8e\xcb\xe3\xf3\x1c\x89\xa3"
	"\xc0\x0d\x7e\x3b\xa9\x14\xc3\x70\xbe\x26\x2a\x60\x73\xd3\x30\x18"
	"\xaa\x3f\xba\x38\x78\x33\xfa\xbe\x9c\x10\x3f\xce\x82\x34\x08\xb1"
	"\x7a\x8a\x12\x42\x6a\x63\xb1\xda\x38\x80\x9a\xa1\xb0\x70\x47\xf3"
	"\x33\x1a\xd4\x31\x9a\x5d\x87\x29\x96\x95\x6c\xf9\x12\x3f\xb2\xb5"
	"\x83\x3c\x1d\x71\x48\xfb\x99\x1c\x1d\x48\x7e\xba\x14\x79\x81\x70"
	"\x4e\x0e\xd8\x56\x05\x09\xe9\x3e\x8a\xd8\xfc\xec\x8f\xaf\x99\x1d"
	"\x7f\x2b\x6b\xdb\x98\x49\x9d\x6a\x25\x77\xfb\x3a\x9b\x89\xcb\x17"
	"\x26\x94\x0b\x0c\x27\x54\x83\xbd\x3b\x43\x92\x3c\x2c\x0e\x4d\x5d"
	"\x86\x84\x45\xb8\x28\x27\x8f\x0e\x58\x3a\x33\x55\xed\x93\x2d\x17"
	"\xce\xf0\x63\xb0\x6b\x51\xf1\x29\x5a\xca\x27\xf1\x36\x58\x10\xe9"
	"\x5b\x54\xa7\xbb\xd0\xf6\x6f\x09\xca\xf7\x0e\xbf\xea\x50\xbe\xeb"
	"\x8b\xb4\x56\xb5\x2e\xe5\xa3\x00\x5b\x22\xe1\xc2\x3f\x16\xe5\xac"
	"\x13\x0b\x6a\x2e\xd7\x57\x0b\xfa\x9b\x7c\x46\x78\xfb\x40\xbc\x19"
	"\xc6\x14\x82\x60\x14\x20\xce\x2c\x08\x87\xb0\xf9\xb0\x58\x5d\x82"
	"\x2e\xe7\x43\x38\xa2\x6d\x80\xf0\xeb\xb4\x47\x4c\xd3\x3a\x71\x2f"
	"\xe5\xc2\x74\x1a\x45\x8b\xa0\xe8\x50\x2d\x8e\x19\x84\x58\x6a\xaa"
	"\x82\xa9\xe7\xbe\xac\x67\x79\xef\x68\x60\x8b\x0c\x7c\xd8\x97\x84"
	"\x4b\xfa\x73\x4b\x5a\x0c\x20\x67\x27\x4d\x40\xb6\xc1\x92\xfe\x6c"
	"\x8b\x43\x69\x64\x61\x9e\x20\x9e\xa2\xe5\x0d\xa2\x81\x48\xe2\xf0"
	"\xa2\x31\x19\x6b\xac\x49\x93\x8b\xc9\x14\x81\xd8\x7b\x4e\x7b\x57"
	"\x94\x95\x1e\x92\xb7\x70\xc4\xa1\xaf\xc6\x09\x70\x59\x22\x49\xc8"
	"\xd7\x61\x96\x25\xf9\x30\x9c\x76\xdb\xc7\x90\xd6\x8b\x63\xb0\x47"
	"\x22\x8a\x5d\xcb\x63\x1b\xfa\x3a\x88\xf9\xf2\x2e\x65\x20\x7d\xa6"
	"\x20\x24\x4e\xa2\xbb\xdd\x8c\x06\x44\x4f\xe0\x62\x2c\x42\x56\xf2"
	"\xdf\x41\x63\x23\x06\x06\x6d\x6d\xc2\x06\x03\xe2\xf1\xa2\x03\x73"
	"\x3d\xb8\x27\x4d\x2e\xf9\x9d\x75\x34\x51\xe3\x4e\x89\xa0\x9f\xb7"
	"\x3a\x4f\xfc\x3a\x96\x04\xcd\xf8\xa5\x64\x54\x8a\xdf\x3b\x63\x30"
	"\xb4\x0a\x8a\xfb\xa8\xea\x89\x0c\xf3\xf9\xcd\xf6\x24\x0e\x90\x94"
	"\xe4\x77\x83\x56\x66\x41\xc8\xf9\x19\x4c\xbd\x92\x51\xde\x56\x09"
	"\x17\x92\xb3\x93\xf8\xdf\xbd\x8d\x38\x89\x98\x94\x89\x99\x6f\x19"
	"\x36\x17\xde\xf9\x0e\xc0\x3c\x8b\x4f\x0a\xed\x8f\xbe\x6d\x1a\x16"
	"\x2f\xe1\x19\x3a\x7b\x46\xe0\x4d\x2b\x16\xd5\x10\xa1\xe8\x8f\x41"
	"\x73\x66\xbb\xae\x07\x31\x6f\x29\x5c\xd9\xf5\xb0\x5c\xa0\xcf\xb9"
	"\x04\xbb\x8c\x66\xe1\xda\xf6\x9c\x5e\x13\xf0\xfe\xf1\xdb\x9e\x07"
	"\x1a\x40\x80\xcd\x90\x0f\x52\xcb\x9d\xd4\x2e\xc5\xc7\xdf\xb3\x8c"
	"\x26\x64\x81\x7e\x19\xde\x13\xd3\x35\x64\x4f\x30\xc3\x87\xd9\xc1"
	"\x72\x2c\x27\x10\x1f\xba\xca\xbf\x5e\xf0\xfe\x3d\x95\x8a\x96\x5a"
	"\x7f\xb5\xa5\xdd\xb4\xbe\xbf\x24\x0c\xe7\xfb\x8a\x0d\xd7\xd1\x1a"
	"\x95\x43\x29\x97\x53\x87\xbe\x79\xae\x11\x5f\x3a\xce\x25\xce\x80"
	"\xeb\xf3\x6d\x9b\x2d\xf8\x7d\x4a\x68\xf7\x60\xd1\x5f\x7f\x90\x97"
	"\xae\x63\xc3\xb0\xd6\x16\x43\xfc\xc6\x0a\x4c\x46\x2d\xdf\xde\xc5"
	"\x88\xdd\xa6\x80\xb0\x7b\xdb\x31\x3e\xde\xa3\x00\xbe\xb4\x37\x16"
	"\x62\x7c\xdd\xe5\x63\xcc\x43\xce\x68\x61\xad\x33\x34\xfb\x7e\xb7"
	"\xb3\xd6\xb6\x45\xd6\x28\x62\x31\xfe\xa0\x18\x3a\x37\x72\xed\x0c"
	"\x6f\x41\x1a\x6e\xb0\x18\x4f\x90\x4d\x32\x6a\xbb\x9b\x78\x87\x84"
	"\x2f\x6f\xc7\xd1\x31\xcc\xbb\x78\x61\xa8\x61\x33\x23\x51\x8b\x20"
	"\xbb\x60\x99\x6d\x59\x0e\x59\x5c\x07\xd8\x74\xdf\x10\xad\xbf\x49"
	"\x24\x82\xd0\xf5\x24\x3c\x64\x2a\x44\xe6\x6f\xd6\x66\x73\x48\x91"
	"\x37\xe5\x1b\x92\x84\xa5\xef\xbb\x86\x0e\xca\x53\xa1\xd2\xcc\x76"
	"\x6d\x24\x46\xc9\x08\xb5\x51\x81\x4a\xdf\x71\x8e\x0a\x10\xea\xf0"
	"\xa0\x47\xe7\xde\xb1\x0c\x2f\x2d\x15\xb0\x6d\xe8\x9a\x86\xa7\x1a"
	"\x84\x2a\x38\x06\x79\x8e\x7d\xd2\xee\x5f\xaf\x07\x9b\xb9\xd8\xcd"
	"\xc9\x23\xb4\xa8\xf3\xde\x97\x1e\x3a\xfa\x21\x42\xd8\x56\xc3\xa4"
	"\x32\xc8\x26\x09\x4d\x94\x8e\x0a\x86\x19\x91\xf1\x9e\xa7\xf8\xfd"
	"\x21\x8c\xca\x61\x52\x45\x0e\x59\x12\x26\xc3\x44\xf8\x5e\x20\x3e"
	"\xe3\x17\x71\x3c\x34\x33\x84\xdc\x0f\xa4\xff\xc6\xdc\xa5\x70\xb9"
	"\xab\xac\x59\x6b\x0e\x7c\x93\x5b\x78\x6e\x41\x29\x38\x87\x9d\x1b"
	"\x83\xb6\x0f\x5d\x5f\x07\xc5\xf6\x95\x48\x46\x8a\x75\xd2\x97\x30"
	"\x55\xa6\xc3\xe6\x64\xe4\xc8\x2f\x0a\x55\x48\x7f\xb5\xad\x7e\x7a"
	"\x27\x72\x15\x29\xe7\x0a\xe5\xa8\xcf\xa0\xf2\xd5\xc4\x23\x4a\xf7"
	"\xe0\x7b\x8c\xcb\x94\x90\x39\x14\xf2\x87\xb9\x49\xce\xe6\x85\x58"
	"\xd1\x54\x2c\x2e\x38\x90\x98\x09\x0c\x0e\x2d\x8d\x3e\xd6\x70\x19"
	"\x45\x7b\x3f\x55\x24\x13\xc9\x20\xef\xa1\xed\x20\x10\x14\x1a\xcd"
	"\xcd\x58\x49\xee\xd1\x5c\xca\xd9\x12\xbf\x7b\xd7\xa6\xeb\x60\xde"
	"\xd0\x81\x46\x59\x8f\x1c\x94\x8b\x57\xa1\x7d\xf8\x9f\xe2\xe1\xb0"
	"\xe7\x7a\x16\xe6\x17\xe2\x27\xc2\xa7\xb8\x14\x24\xef\xe4\x53\xf4"
	"\xab\xbb\x1e\xcc\xd6\x78\x86\x6a\xba\x9d\x24\x34\xa4\x0e\x45\x64"
	"\xdf\x41\x3b\xba\xa7\xe5\x2e\x1f\x6d\x30\x20\x6a\x62\x62\x4e\xd5"
	"\x5b\x44\x40\x12\xf2\x71\x11\xe1\xc6\x09\x16\xfc\xbc\x45\xec\x93"
	"\x18\xfb\xaa\x08\x90\x6d\x10\x5a\x86\x61\x2c\x92\x28\x8b\x50\x95"
	"\xbf\x5f\x46\xc0\x1b\x2b\xfa\x2e\xd4\x81\xee\x09\x9f\xea\x23\xb2"
	"\xf0\x68\x5f\xc9\xa6\x4d\xb8\x7a\x49\x5e\xe0\x3c\x42\x45\xb2\xe5"
	"\x2a\xd3\x1c\x56\x94\x05\x67\x93\xa7\xc9\x36\xe0\x79\x24\x03\x4f"
	"\xae\xf8\xba\x95\xae\x51\x29\xf2\x39\x56\xee\xbf\x2e\x3c\x3d\xbf"
	"\xc2\xcd\x68\x0b\x5e\x82\x56\x33\xe7\x0b\x18\xa2\xbf\x9e\xcf\x6f"
	"\x8f\x0f\xcf\xe7\x55\x50\xd6\x37\x65\x99\xcb\xd7\xaf\x97\x97\x1e"
	"\xb4\x7d\x98\x9f\x29\xf2\xaf\x41\x7c\xbd\xb6\x13\x10\xe1\x9e\xd0"
	"\x0a\x6f\x63\x07\xa2\x24\x51\x63\xa8\x06\xa6\x0c\x93\x58\x89\x8a"
	"\x54\xd5\x25\xd9\x11\x76\x50\x56\x1f\x51\x18\x1f\x52\xf0\x34\x6a"
	"\x99\xc6\x78\x74\x67\xa8\xed\xf0\x65\xd5\x0b\x24\x3e\x2c\xd8\x6a"
	"\x9b\xf2\x25\x85\x13\xef\x74\x57\x97\x7b\xdd\xa2\x54\xcd\xec\x70"
	"\xaa\x87\xd4\x31\x9e\x66\xe1\xdd\x92\x8b\xb0\x59\xbc\x7a\xa2\x7a"
	"\x64\x97\x07\x01\xb0\x79\x71\x58\x04\x14\x61\x55\x24\xa1\x56\xf3"
	"\x24\x13\xdd\xf8\x96\xf1\x4e\xf8\x92\x0f\xe0\xc5\x52\xc7\x8d\xef"
	"\x20\xee\x07\x94\xe5\x10\xe9\x7e\xa1\x9c\xca\xd3\x9a\x46\x51\xec"
	"\x61\x0f\x2b\x6a\x1b\xef\x84\x37\x2c\x26\x1b\xdf\x5b\xbf\xb7\xd8"
	"\x5f\xed\x9b\x28\xba\xf6\xd2\x8d\xf5\x17\xfa\xf6\x17\xe6\x9d\x5f"
	"\x17\xa4\x20\xac\xe6\x0b\x6d\x11\x50\x28\x01\x96\x64\x1b\xc6\xfa"
	"\x38\x77\x5e\xcc\xc0\x27\x35\x4c\x0f\x99\x2a\x0f\x49\x1a\x81\xc1"
	"\x8e\x6b\x9b\x5c\x52\x0a\xe0\x5f\x8d\x46\x75\xe2\x07\xb6\xc5\xe1"
	"\x6d\xb8\x89\x48\x35\x95\x99\x07\x54\xb6\xc5\x71\x39\xf7\xaa\xe8"
	"\x66\xfc\xb4\x78\xd7\x8d\x65\xac\xad\x20\x16\x56\x24\x93\x22\x97"
	"\xf1\xd3\x04\x95\x3e\x4e\xb0\xe7\xfb\x24\x90\x07\x2b\xa8\xc6\xe3"
	"\xef\xfb\xd7\xa1\x03\x82\x79\x11\x94\x3a\xa3\x05\xd8\xd6\xc9\x49"
	"\x05\xf6\x0e\xa2\x0d\x0b\x93\x98\x91\x24\xe5\x65\xa6\x67\x36\xcb"
	"\x9e\x1e\x5f\x2f\xe7\xe7\xf3\xe3\xf7\xd7\xcb\x0b\x28\x10\x52\xb8"
	"\x81\xaf\x40\x0e\x90\x5a\xb0\x37\x85\xc2\x09\xf5\x23\x8b\xcb\x1d"
	"\x41\xcf\x81\x4f\xc7\x86\x85\xd9\x42\x77\xc0\xf2\x89\x5c\x25\xd4"
	"\xb6\x86\x30\x0a\x66\x23\xec\x76\xc3\x14\x6c\xbc\x46\xa2\x16\x47"
	"\x33\x24\xb5\xe9\x2d\xc8\xa3\x37\x90\xab\xde\xde\x57\xa0\x6a\x33"
	"\x03\xd0\x33\x8c\x65\xde\x4b\xee\xd6\xa6\xb1\x56\x41\xd6\x8e\xaf"
	"\x82\x38\x8e\x92\x8a\x8b\x3c\x7d\xf6\x21\x6b\x55\x73\x1d\xdb\x77"
	"\x55\x10\x47\xd5\x5c\x60\x05\xd6\x72\x63\xb6\xa1\xe5\x2b\x31\xac"
	"\xa1\x41\xb1\x08\x11\x4c\xdb\xb6\x34\x30\xb6\x06\x66\xad\x81\x71"
	"\xd4\x98\xb5\xa9\x83\x69\xaa\x28\x01\x3d\x9e\x49\x24\x92\x99\x02"
	"\x6b\x2b\x5d\x5b\x6a\x8c\xa3\x5e\xde\x12\xa7\x43\xcb\x55\x63\x3c"
	"\x5b\x89\x71\x1d\x25\xc4\x33\xd4\x10\xbd\x8e\x79\xea\x5d\x0b\xb0"
	"\xe3\xd1\xd7\x21\x67\x9b\xb6\xb2\x65\x36\xe2\xc5\xf2\x06\x71\xec"
	"\xd4\x36\x16\x18\x63\xef\x5c\x46\x72\x1a\xa7\x4c\xf2\xd9\x6b\x5e"
	"\x07\x70\x39\x60\x79\x47\x76\xc8\xe8\xc8\x38\x1b\x56\xc8\xe6\x19"
	"\xe1\x3d\xb7\x35\x30\xcb\x73\x1b\x51\xcf\x54\x6c\x29\x0e\xb1\x14"
	"\xbb\x25\xa2\xbe\x6d\xba\x4a\x88\xa5\x9e\xd2\x16\xa6\x5a\x21\x3b"
	"\x96\xb9\x8a\xc3\x24\xc9\xf3\xa2\xa9\xee\xf8\x20\x2d\x37\xac\x15"
	"\xb3\xd7\x3a\x20\x0d\x4a\xae\xa7\xc6\x6c\x2c\x0d\x90\xad\xd8\xb8"
	"\xb2\xb6\xe5\xc5\x9f\x51\x7e\xbd\x32\xdd\xe6\x00\xdf\x4c\xa5\x2b"
	"\xc9\x45\x3c\xbf\x86\x99\xae\x6f\x2a\x31\x9e\xbf\x51\xce\xa4\xc0"
	"\x6d\x8e\xda\x38\xd5\x94\x03\xce\x77\xf5\xe8\x01\x4e\x83\x1e\x5f"
	"\xb3\x3e\xd1\x21\x28\x81\x1a\x14\xf9\x35\xef\xa7\x0e\x41\x81\x53"
	"\xd1\x03\xa1\x5d\xb1\xab\xa4\x5c\xbf\xcc\x05\x76\x2c\x75\x96\x9e"
	"\xe0\x04\x48\x28\x6e\x35\x84\xff\x9d\xc4\x09\xe2\x98\xfa\x06\xae"
	"\x62\x79\x41\xd0\x10\xfc\x34\xde\x01\x68\x66\xa9\xd8\x14\x60\x5c"
	"\x43\xe3\xf2\xd6\xe2\x94\xf7\x43\x9a\xad\x1d\xc5\x56\xa5\x8c\xd8"
	"\xd6\x51\x09\x71\x14\x23\xcb\x12\x2e\xf5\x2f\xcb\x0e\x8c\x50\xcb"
	"\x51\x9c\xf7\x1c\x83\x06\x23\xe8\x63\x3c\xf3\xa8\xc6\x28\x9e\x3e"
	"\x38\x86\x0b\xa1\xcb\x1c\x91\x85\xc4\x5b\x9b\xcb\x07\xab\xce\x25"
	"\x5f\x62\x14\x74\x52\x50\xf3\x20\x49\x60\xd9\xca\x99\xed\x63\x55"
	"\xab\xe5\x8a\xb5\xcd\xe3\x51\x13\x69\x1d\xd7\xfa\x6d\x10\x68\xfd"
	"\x56\x28\xda\x40\x6d\x62\x59\x5e\xa4\x00\x49\xe1\x49\x0d\x52\xdc"
	"\x55\x0e\x99\xef\x98\x86\x12\xa2\xb8\x1d\x08\x88\xba\x22\x5f\x59"
	"\x11\x16\xcf\xac\x0f\xb1\x7c\x25\xc4\x56\x53\xb1\x3d\x25\x64\xad"
	"\xa6\xe2\xa8\x7b\xe4\x28\x87\xce\xf3\xd4\x54\x3c\x57\x09\xf1\x2d"
	"\x15\x04\xdc\x05\xa9\x16\x75\x0b\x53\xad\x66\x78\xd0\x35\x94\x3d"
	"\xdb\xb8\x86\x1a\xa2\x6c\xf6\xc6\x5b\xab\x21\xca\x45\xb1\xf1\x97"
	"\xcf\x9e\x4f\xe2\x53\xc1\xc6\x2d\x2d\x4b\x29\x90\x79\xce\x32\x27"
	"\x03\xe7\xf5\xce\xf2\xea\xc9\x49\xed\x3b\x6b\x43\x89\xf1\x4d\x0d"
	"\x8c\x8a\x89\x97\xc4\xe5\x57\x04\x32\xdf\x31\x71\x2c\xb9\x16\x38"
	"\x53\xcf\x90\x48\x56\x1d\x04\x97\x03\x04\xe2\xc8\x87\x30\xdd\x15"
	"\xea\x43\x70\x38\xe7\x7d\x44\x46\x2a\xde\xda\x86\x1c\x78\xa7\x8e"
	"\xb3\x0f\xa4\x31\x1d\xc7\x0d\x99\x40\xc2\x6d\x16\x2e\x20\xa4\x10"
	"\x14\x60\x31\xb9\x7a\x18\x1a\xd4\xcb\x38\x29\x1e\x09\xc3\x0d\x7d"
	"\xe0\x1c\x55\xf9\xa1\x39\x09\xa7\xde\xe6\x79\xe2\xed\x3e\xca\x7f"
	"\x34\x5b\xc2\x18\xa8\x5a\x52\x56\x45\xf9\x8e\xed\x07\xb9\x15\x39"
	"\xf4\x5c\x7a\x4f\xca\xb6\x9f\x3a\xaf\x7e\x41\xc0\xe8\xe7\xe1\x59"
	"\x54\x3c\x89\x4b\x09\x78\xb2\x66\x91\x70\x00\x70\x0b\xab\x07\xa9"
	"\x41\x50\xb3\xa2\x0e\xf6\x73\x11\x4a\x45\x7e\x55\x1f\x87\x15\x8b"
	"\xa4\x26\x8e\x47\xa9\x65\x39\x0c\xa3\x79\x4d\x4c\xe6\x65\x53\x91"
	"\x4f\x6b\x8a\x67\xd6\xf0\x49\x1e\x69\xd7\x36\x4a\xef\x86\xd7\x77"
	"\x99\xca\x8a\x92\x37\x0d\x29\x14\xec\xa3\xaa\xaf\xf8\x2a\xd3\x12"
	"\xfe\xeb\x34\xa6\x14\x14\x15\x25\x0b\x2d\x0f\x8a\x7a\x47\x2a\xa4"
	"\x9e\xb2\x2a\xc2\xe4\x2e\x3a\xd1\x09\x55\x61\xa6\x8e\x13\x2d\x2d"
	"\xd3\xb4\xb0\xc6\x9f\x46\x9f\xac\x21\x91\x2f\x92\x5d\x91\x57\x32"
	"\x20\xf4\xd5\x70\xaa\x4b\x9b\x4c\x52\x94\x51\x99\x36\xa8\x36\x4a"
	"\x49\x8e\x54\x0a\xae\x24\x8a\x6c\x5a\xa0\xc0\xf0\x9f\x78\xb7\xc7"
	"\xf0\x5d\x94\x6d\x13\x64\x43\x89\xfc\x78\xd6\x6a\x0c\xb2\xf6\x45"
	"\xca\xa2\x81\xfa\xb1\x4c\x19\xcd\xf1\x90\x5c\x51\xec\xf8\x86\xdf"
	"\x93\x0c\x8b\xd7\x23\x50\xcc\xf5\x6d\x6c\x02\x79\x27\xc4\xa6\x18"
	"\x8e\xde\xdd\x29\x1a\x26\xd4\x41\x5a\xec\x92\x60\x98\x78\x20\x29"
	"\x5f\x84\xa3\xbd\x7a\xaa\x26\x01\xa9\x21\x3d\x81\x20\x02\x68\x13"
	"\x13\x86\xe7\x7d\x20\xdb\x59\x1f\x4f\x90\xc7\x0e\x49\xbe\x27\xf9"
	"\xa8\xf1\x51\x4e\x13\xce\x63\x8a\x51\x7a\x1a\x88\xe8\xde\xe3\x96"
	"\x61\xea\x7a\x32\x2f\x2f\xee\xb1\x15\x00\x23\xd2\x32\x9a\x99\xd4"
	"\x26\xfc\x80\x64\xf0\x1f\x7d\xeb\xa2\x6b\x7a\x7f\x09\x43\x62\x55"
	"\x67\xdb\x34\x2a\x49\x68\x4d\xb2\x76\x9b\xb5\x31\x49\x3c\xec\xa3"
	"\x28\xa5\x93\x9d\x90\x11\x3e\x71\x59\x31\x72\xb6\x2f\x73\x4e\xc2"
	"\xab\x1b\xda\xfd\x2a\x92\x3b\x0c\x19\x80\x2c\x81\xc0\xb4\x45\xcc"
	"\x46\x15\x16\x60\x8f\x1a\x8d\xb8\x4f\x56\xa7\x2c\x99\x59\x6a\x39"
	"\x58\xaf\xe6\x61\x31\x6e\x5c\xce\x12\xa4\xda\x9c\x55\xc9\x6e\x48"
	"\xa4\xa8\xe4\xde\xe9\x73\x26\x92\x83\x49\x50\x5a\xf4\x5d\x3b\xf4"
	"\x12\x67\xb8\x43\x19\xe5\x7c\x9c\x72\x86\xf1\xba\x88\x91\xf4\x94"
	"\x8f\xce\x88\x92\x33\xd5\x91\xf1\x4b\x2f\xb9\x89\xb7\xe8\xe8\x76"
	"\x90\xab\xb2\xa3\x12\x89\xd9\xf6\x0d\x30\x51\x48\xb1\x0e\x70\xee"
	"\x07\x46\x74\x49\x30\xe2\xad\xa0\x71\x41\x59\xb7\x6f\xbb\xb1\xba"
	"\x25\x4e\xd6\x94\xb0\xf0\x3d\x8e\xfb\x5c\x81\x89\x5e\x18\x21\xb5"
	"\x57\x45\x10\x90\xd1\x52\xe1\x07\xcf\x64\xe2\x6e\x2a\x29\xfd\x44"
	"\x79\x70\x5d\xd5\x38\xf3\xd3\xa4\x4d\xc2\xed\x55\x9a\xe4\x63\x72"
	"\x2c\x22\x13\xb6\xce\x13\xf9\x56\xe1\x42\x45\x84\x8d\x15\x6f\x42"
	"\x99\xd6\x93\x63\xad\xca\xb0\x55\xb9\xab\xa2\x28\x27\x34\xe9\x19"
	"\x90\x5e\x93\xa6\x6d\x05\x89\xf1\x43\x71\x6a\xab\xb8\xda\x9b\xdc"
	"\x52\x27\x45\x58\x72\x5f\x8c\x52\x8a\x92\x46\xd1\x64\xe5\xb1\x3d"
	"\x67\x7e\xd8\x29\xc3\xf6\x55\x4d\xd9\x54\xff\xb1\x9f\xbe\x74\xe2"
	"\xd4\x20\xab\x35\x25\xb5\x11\xfa\x07\x22\x0f\xd1\x7e\x52\x92\x64"
	"\x05\x9b\x30\x9f\x63\xc2\x37\x1b\x42\xe5\x53\x54\x15\xe3\xd1\xef"
	"\xd2\x70\x99\xe7\xd3\x29\xe4\x02\xdb\xf4\xe8\x69\xe3\x8a\xec\x6b"
	"\x7c\x2b\x92\xb4\xa4\x73\x91\xdf\xe7\x85\x5b\xa9\x5a\x38\xb3\xe5"
	"\xe7\x34\x2a\x5a\x70\x2f\x62\x0f\x5c\x66\x87\x74\xaf\x64\xe0\x23"
	"\xf7\x1e\x25\x53\xec\x83\xa4\x01\x3b\x61\x7e\xe6\x4b\xab\xe3\x7e"
	"\x20\x9c\xed\xd4\xdc\x41\xe8\x51\x0a\x2b\xbf\x61\x1a\x81\xf8\x27"
	"\x7b\x42\x9b\x7d\x10\x0e\x72\x46\xb0\x3c\xe7\xec\x30\x88\x9a\x3c"
	"\x3a\xb4\x1a\xf4\xf4\xea\xd3\x6b\xe0\x3c\x0a\x86\xea\x66\x36\xdf"
	"\x77\x07\x27\x03\xc8\x74\xb6\x9e\xfd\x21\x13\xd9\x03\x85\x62\xd4"
	"\x6f\x5b\xc1\x76\x4b\x79\xe0\x60\x81\x45\x69\x82\x98\x69\x76\xa8"
	"\x6d\x2a\x18\x2d\x65\xe8\x52\x00\x24\xf0\xcf\x06\x4e\x98\x5d\x04"
	"\x21\x14\xb7\xa8\x26\x9a\x70\x28\x87\xe8\x69\x40\xde\x41\x8c\xfe"
	"\x96\xc4\xf3\x0b\xeb\xf2\xf6\x1d\xcc\xf8\xbf\xbf\x5e\x9e\x9f\xc1"
	"\x08\x7e\xaa\xc5\x20\xca\xbb\xde\xd1\x30\x60\x9e\x90\x35\x71\x84"
	"\x35\xb1\x1f\x9e\x3f\xd7\xf4\x70\xbb\x1b\x85\x79\x1e\x23\x3a\x3b"
	"\x90\xd9\xe2\x52\x4b\x38\x06\xf7\xaa\xe0\xdb\xa6\x2c\x8a\x14\xa1"
	"\x15\x21\xad\x10\xe9\x55\x51\x88\x21\x6f\x18\x5b\x2a\xce\x18\xac"
	"\x33\xca\x6f\x2e\xf3\x64\xa4\x6e\x11\x3a\xdc\x5d\x13\x96\x4d\x5b"
	"\xc4\x5a\x38\xd6\x96\x69\xec\xcb\xf1\xa8\x0e\x40\x09\x2d\x4d\xd3"
	"\x3d\x2e\x62\x62\xbe\xaa\x40\x05\x73\x09\xc3\x8f\x49\x1b\x02\xc2"
	"\x2f\x61\x8a\xb6\xe9\x28\x80\xa6\xbe\xb9\x4c\xa2\xf2\x89\xeb\x3a"
	"\x1b\x6f\x11\x04\xa3\x23\x7c\x78\x66\xa3\x53\xfa\xba\x2a\xa5\x2b"
	"\x86\x55\xf0\xfc\xf0\xf6\x36\xbd\x5b\x0b\x9e\xd0\x57\x32\x16\x0a"
	"\xd0\x95\x70\x3f\x32\x4c\x3c\x84\x93\x15\xc5\x86\xa1\xca\x45\x95"
	"\x39\x3f\x17\xfe\xb5\x12\x3d\x64\x05\x97\x34\xa3\xd5\xe7\xf3\x37"
	"\xf0\x54\x06\xce\xe6\x68\x40\x93\xd5\x6f\x3f\xbe\xaf\xb6\xe9\x1d"
	"\x70\x9f\x86\x86\xab\xaf\x0f\x7f\x76\xda\xc1\x0f\xcf\x6f\x97\xd5"
	"\x6f\xe7\xd5\xcb\xf9\xfc\xf9\xfc\xf9\xbf\x38\xd1\xf3\x80\xd2\xfe"
	"\xfc\xfc\x4d\x68\x0a\x7f\x85\x70\x78\x4f\x2f\x5f\x2e\xc3\x8e\xb4"
	"\xb8\x71\x33\xdb\xe4\x05\x83\xcf\x3e\x0a\xae\xed\x5c\x80\x51\xe2"
	"\x20\x76\x54\x4c\xb6\x4a\x5c\xcc\x25\x06\xce\xb0\x95\xb8\x84\x82"
	"\xe6\xba\x12\xc6\xff\x4f\x98\x12\x45\xc3\xb0\x32\x36\x5a\x30\x24"
	"\x14\x68\x1f\xf6\xa1\xce\x4a\x88\xb3\xa7\x04\x92\x94\xd4\x21\x51"
	"\xc2\x8a\x3c\x9a\xbc\xda\xcc\x02\xef\x48\x95\xa9\xc9\x75\xbe\x32"
	"\xf9\x84\x04\xea\xf9\x88\x72\x3e\x88\x5b\xd7\x72\xf0\xb1\xae\xc9"
	"\xbc\xe4\x90\x7c\x7d\xf8\xfd\xe9\xe5\xf7\x9e\x3f\xc7\x21\x5f\x08"
	"\x83\x25\x37\xaa\xe2\x6a\xb5\xb0\xb2\x92\x12\x8f\x21\x2d\xca\x8b"
	"\xfd\x1e\x56\xc1\x6c\xdb\xf2\xcb\xf7\xa7\x2f\x7f\xae\xbe\xc8\xf8"
	"\x6f\xa3\x1d\x2e\xc2\xa7\x8d\x7d\xad\x40\x46\xeb\x2b\x89\x5f\x0b"
	"\xc6\xdb\x5d\xe4\x24\xe3\x54\xe9\x39\x28\xe4\xb7\xa6\x84\x1f\xaa"
	"\x70\x45\xc5\x37\x1b\xc3\x1c\x81\x8b\x16\x65\xec\xa6\x47\x0e\x06"
	"\x4f\xd8\x31\x72\x64\xe0\x19\x23\x5d\x6a\xbd\xb0\x38\x92\x4d\x19"
	"\xf7\xb9\xab\x22\x8e\x08\xb8\x27\x1f\x21\xb8\xd4\x4b\x2a\x32\x62"
	"\x7e\x82\xf5\x81\x8d\x49\x93\x96\x59\x93\xce\x48\x38\x41\x90\x04"
	"\xd7\xf1\xe1\x29\xe0\x75\xec\x63\x80\x74\x40\xbe\xb7\x46\xf0\xa4"
	"\x11\x44\x61\x3b\x2c\xc2\x50\x6b\x4c\x56\xc6\xb8\x03\x27\x4a\x98"
	"\x69\xbe\xf0\xef\x03\x76\xfe\x34\x80\x6b\x88\x3c\x25\x38\xf3\xaf"
	"\x92\x60\xac\x5e\xda\x9f\xb3\x43\x60\x8f\xeb\x6a\x2d\xf5\x0f\xbc"
	"\xfd\x45\xc9\x1b\x93\x7c\xc2\x15\x54\x3b\x1a\xa2\x81\xcb\x88\x1d"
	"\x09\x77\x11\x5b\x68\x47\x13\x82\xe7\x91\xaa\x10\x8f\xad\x43\xb7"
	"\x4e\xbb\xe7\x1f\xe7\x56\x64\xea\x1c\x4f\x8f\xe4\x4e\x28\x3f\x75"
	"\x1a\xce\x4e\x65\x14\xcc\x45\x35\x1c\x17\x2d\xe2\x9b\xbf\x98\x71"
	"\xd3\x71\xf7\xc4\xc1\x3e\xe1\x97\x80\x88\x2c\x4a\x15\x9e\x6b\xcc"
	"\x6e\x4a\xe8\xc4\xfc\x99\x2b\xed\xc0\x26\x9b\x47\x5a\x87\x41\xb8"
	"\x6e\x3e\x44\x38\x2b\x93\xb0\x25\x23\xd7\x1e\x4c\x76\x5a\x85\x22"
	"\x49\x15\xc0\xfa\x52\xe2\xaa\x3b\xdb\x44\xb4\x44\x7a\x30\xf9\xc2"
	"\xad\x42\x05\x7b\x1b\xf9\xb6\xd9\x03\xfd\x2f\x69\xcf\xb6\xdc\xba"
	"\xad\xeb\xaf\x78\xce\x53\x3b\x73\x7a\xaa\xbb\xe5\x47\x99\x92\x6d"
	"\xd5\xba\x45\x94\x1c\x67\xbd\x78\xdc\x44\xcd\xf2\x34\xb1\x73\x1c"
	"\x67\x76\xb3\xbf\x7e\x03\x94\x64\xeb\x42\x48\x9e\xd9\xd3\x99\x66"
	"\x99\x80\x28\x8a\x04\x41\x00\xc4\x45\x68\x02\x2b\x6f\xe8\xd4\x2b"
	"\x11\xd1\xe3\x08\xaf\x04\xbc\xc0\x1b\x94\xf0\xeb\x97\x27\x20\xe8"
	"\x6d\x47\xb1\xaa\xc3\x25\xb4\xc7\x30\xbd\x90\x4a\x0c\xdf\x40\x5a"
	"\x64\xae\x0f\x2b\x12\x8f\xe1\x6d\xfc\x4e\x82\x1c\x19\x92\x9f\x10"
	"\xe1\x74\x4d\x9c\xd1\x5e\x3c\xd8\xb3\xf7\xcc\x57\x8d\xb7\x23\x18"
	"\x54\xf3\x2b\x6d\x55\xd3\xb5\x3b\xb0\x4c\x7d\x74\x01\x96\x20\x03"
	"\x8c\x53\x92\x9f\x3c\x8e\xa2\xe4\xf9\x18\x0a\xde\x7a\x24\x4e\xb4"
	"\x4b\x86\x84\x98\x16\xea\x28\x5a\xc0\x47\x67\x6b\x1d\xcf\x7d\xd8"
	"\xa6\x6c\x74\x05\x42\x38\x39\xf2\x3b\x26\x56\xe4\xd5\x1a\x45\x8a"
	"\xf9\x94\x72\xcc\xe9\xa0\xd9\xc6\x38\xda\x36\xbf\x87\x86\x22\x67"
	"\x13\x8e\x4f\x5a\x12\x68\x94\xaf\x69\x03\x0b\x0e\x60\xcb\x36\x47"
	"\xb7\xe5\x03\x73\xf2\x51\x22\x7b\x80\x63\x09\xad\x2a\xa3\xbc\x34"
	"\x61\x89\xbd\x35\x47\xd1\x9c\x85\x37\xce\x96\x31\x93\xea\xa3\x9f"
	"\x02\xbb\xe2\x7c\x14\xfb\x29\x9c\x13\xa5\x6f\x1b\x58\xe3\x3b\x93"
	"\x3d\xcd\x3d\x11\x44\x33\x86\xb8\x85\xf3\x20\x1e\x9d\x0f\x14\x1e"
	"\xe2\xd1\xf5\x8c\xc3\xc8\x8f\xbc\xec\x9e\xce\xd8\x78\x6f\x5b\x34"
	"\xfe\xed\xc2\xd1\xee\x1e\x7d\xbe\x9a\xc7\xd1\xf8\x42\xf0\x5c\x55"
	"\x46\x09\xfc\x21\x1b\xdd\x76\x79\xe2\x4e\xed\x85\x32\xd5\x47\x3b"
	"\xeb\x69\xa2\x57\x89\xa1\x6d\x83\x7b\x91\x5b\x90\xbc\xd0\xb7\xe8"
	"\xd1\x00\x54\xa3\xcf\x67\xc7\xcd\xb3\xc1\xfd\xb0\xe1\x03\xa7\x58"
	"\xe0\x2d\xe3\x0c\xc5\x46\x1a\x63\xc0\x58\x51\x9f\xa5\xec\x69\xca"
	"\x2c\x7d\x00\x4d\xe4\xb5\xa5\x25\x2e\x57\x5c\x7d\xd1\x36\x1c\x3c"
	"\x63\xbb\xd7\xc2\xed\x49\xc0\x9b\xfd\xa1\xcc\x5a\x62\x2a\x7c\x0e"
	"\x7f\x36\x4b\xfa\x28\x08\xe8\x4f\xcd\x52\x94\xf7\x37\xfe\x3c\xc5"
	"\xa4\xe3\xf4\xa7\xc4\x8f\x4e\x9a\xfa\x03\x18\x64\xa6\xba\xd2\x40"
	"\x56\x26\x5e\x05\xc5\x61\xe1\x6f\x51\xc3\x19\x10\x53\xf1\x3a\x6a"
	"\x41\x9f\x92\x4f\xf0\x34\x4d\x17\xde\x0f\x31\xb3\x5b\x9a\xec\xd0"
	"\x1a\x08\x7f\x35\x53\xdd\xd2\x4a\xf8\x8a\x83\xea\x04\xff\xd0\xcd"
	"\x01\xfe\x5e\x23\x19\x16\xe1\x25\x2f\xe6\xde\x8f\xd6\xa5\xde\x3a"
	"\x3c\x45\x6c\xe5\xc4\x1c\x0e\x6b\xe9\x6e\x4b\x7e\x7e\x7f\x1e\x9e"
	"\xf7\x6f\x93\x60\xff\x0d\x6a\x87\x54\x52\x4f\x56\x2d\x97\x80\x28"
	"\x4e\x4a\x6b\x2a\xf3\x7c\x79\x9a\x87\xab\x8a\x53\xab\x93\x0b\x72"
	"\x70\xa2\x48\xd8\x66\x9e\xf3\x41\xed\x42\x57\x68\x19\x39\x0f\xa4"
	"\xa9\xd6\x44\xe7\x42\x19\xeb\xaa\x18\x65\xeb\x88\x2d\xac\x89\x84"
	"\xe9\x55\xa5\x57\x6a\x0d\x44\xfc\x84\x9d\x70\xf9\xd1\x24\xd0\xda"
	"\x24\x10\xe5\x21\x26\x53\x5f\x60\xc2\x0d\xad\xf1\xc2\x7b\xd5\x1e"
	"\x4c\x37\x52\xfe\x5c\x50\xe3\x71\x22\x11\x97\x7d\xd5\xfb\x31\x55"
	"\x42\xcc\xfd\xec\xaa\x6e\x8a\x55\x2f\xce\x87\x8f\x9f\xc5\x19\xd6"
	"\xfd\x66\xad\xef\xf2\xd8\xda\x10\x9c\xbb\xb4\x82\xb5\x4c\x07\xc1"
	"\xb5\x01\x97\x44\x48\xb6\x8e\x36\xa5\xf7\x5c\xb8\x19\xec\x1e\xc1"
	"\xfa\x80\x81\x39\x4a\xf0\x71\x61\x3b\xa7\xfb\xc0\x01\xd2\x7b\x7a"
	"\x0e\xcf\x0f\x0d\x01\x0e\x75\x4d\x9b\x6a\x63\x74\xb4\xf5\x61\xb7"
	"\xd2\xdf\x59\x66\xd7\xa3\xef\x43\x02\x7f\xde\x5c\xc7\xe6\x22\xf5"
	"\x6d\xd7\xf9\x4d\xb5\x6e\xb5\x7a\x55\x32\xd1\xd6\xd3\x29\xa6\x57"
	"\xec\x36\x86\x8e\x28\x73\x56\x9b\x92\x5b\xb0\x45\x1f\xbb\x95\xf4"
	"\xa7\x6a\xcb\x92\x6e\x53\xd2\x6f\x2a\x2d\x43\x3c\x65\xfd\x6f\xea"
	"\x35\xc1\x8f\xe8\xb6\xa1\x5b\x20\xd4\x4d\x63\x39\xb0\xde\x2c\xf2"
	"\xd6\x5d\xee\x6d\xbc\xa8\x6f\xdd\xaa\xc1\xe5\x3c\x12\x6b\x72\xc5"
	"\x2a\x17\x40\xde\x43\x3c\x1f\x38\x51\xae\x58\x11\x0b\xc7\x91\xbc"
	"\x3b\x91\xb0\x94\x10\x27\x4d\x50\x57\xcc\x7a\xe1\x89\x7e\xbc\x70"
	"\xac\x83\x0e\x91\xc8\xfb\x59\xec\x02\x4c\x6c\x37\xd6\x57\x9f\xac"
	"\x1a\x20\x37\x1c\xe8\xde\x71\xe7\xe3\xb3\x22\xcc\x5e\xa1\xef\x44"
	"\xe3\xe3\xe8\x11\x6e\x03\x96\x0c\xc0\x48\xf2\x6c\x0e\x62\x9c\x4e"
	"\x65\xb4\xdf\x84\x35\x36\x4c\x9b\xd1\xe2\x6a\x96\xde\x48\x09\xd6"
	"\xff\xc8\xee\x99\x94\xdc\x61\xea\xbd\x78\x43\xf9\x86\xfb\xe8\xda"
	"\x1d\x13\x5d\x72\x0d\xaa\x93\x95\xef\xde\xf5\xae\x0d\xbb\x07\xad"
	"\xba\xce\x93\x8c\x4a\xd8\x4e\xfb\xc6\xd4\x8c\x25\xf2\xdd\x56\x82"
	"\x73\x46\xd8\x34\xaa\xa7\x13\x0e\x87\x8a\xbd\x95\x4a\x5c\xd9\xf7"
	"\x47\xf1\x1b\x9b\x84\x5f\x6f\x97\xc3\xc7\x5b\xf1\x4f\x71\xfe\xdd"
	"\x2d\x1a\xbf\x26\xfc\x5f\x87\xcb\xf3\x4f\x99\x23\x45\xd9\x7b\x98"
	"\x6f\x77\x89\xaf\xa3\x0c\xa9\x98\x6d\x53\x48\xf7\x25\xce\xdb\xa5"
	"\x38\x1f\xf7\x97\x62\x12\x9e\x5e\xa4\xf9\xd5\x2b\xdb\x71\xb2\x73"
	"\x82\x4c\x7a\x81\x8a\xa6\xfe\xc9\xb3\xc8\xcc\xdf\x7a\x50\x5c\x01"
	"\x84\xce\x76\x3a\x9d\x2a\xb4\x35\x40\x08\x81\xfc\xd1\xcf\x06\xae"
	"\xba\xf0\x1a\x05\x5d\x13\x06\x25\xbc\x1d\x29\x22\x3e\xce\x65\xc5"
	"\x1b\xc2\xc6\x26\x82\x1f\xd7\x84\x6d\x3c\xeb\xdc\xd8\x20\x50\x7a"
	"\x7d\x5c\x3b\x8c\x3d\xa6\xdc\x7b\x00\x95\xb2\xd9\x63\xd5\xd8\xab"
	"\xf1\x05\x7d\xcd\x3b\x75\x53\xea\x26\xb4\xcf\x7b\x69\xea\xd5\xa5"
	"\x32\x64\x28\x55\x06\x3a\xbb\xe1\xaf\x8e\xfb\x3d\x77\x08\xb3\x52"
	"\x3d\x76\xf9\x04\xec\x58\xfa\x94\x64\x71\xf7\x63\xb9\x13\xf9\x99"
	"\xff\xa3\xbf\xd2\x65\x85\xcb\xb2\xc8\xe5\x1d\x8e\x1c\xd8\xd7\x40"
	"\xf1\xa4\x10\x53\xa1\x84\xf0\xc7\x27\xe1\xdc\x5d\x0d\x41\xa5\x62"
	"\xbd\x78\xeb\x63\x7b\xf2\xdc\x47\x54\x88\x1d\xd6\x6b\xb5\x8c\xb9"
	"\x8f\x32\x3c\xef\x83\x92\x20\x5b\x84\xdd\xa9\x81\xf6\x79\x90\x7b"
	"\x0b\xdf\x0b\x5c\xf2\xdd\xb7\x0b\x18\x59\xf3\x6e\x11\x26\x92\x6e"
	"\x57\xbe\x3e\x9d\xd9\x6c\xd3\xb9\xdf\x6e\x23\x75\x2b\xd1\x94\xad"
	"\x8b\x38\x65\xde\x4e\xd7\xf0\x53\xf8\x22\xdd\xa5\x8f\x92\xfe\xd7"
	"\x3a\x39\x8f\x9b\x1c\xf8\x84\x42\x82\x73\xbe\x62\x03\x40\x77\xe5"
	"\x5b\xb0\x89\xa9\x51\xb3\x07\x58\xc2\xee\x78\xc2\x76\x06\xc3\xe6"
	"\x9a\xa6\x49\xd8\xaa\x6f\x11\x7a\x21\xcf\x7c\x26\xc3\x47\xf7\x2c"
	"\x74\x5b\x6a\xb8\x03\xa3\x13\x93\xc8\x7c\xda\x4a\x8a\x79\x6d\xdd"
	"\xd1\x7e\xbf\x02\x69\x9e\xa2\x01\x20\x42\xfb\xcb\xea\xb1\x4a\x1e"
	"\xd3\x8f\xfc\x40\xcf\x69\x09\xa3\x2c\x7b\x60\xa1\xa5\x13\x41\x6f"
	"\x37\x04\x73\x00\x81\xa5\x8a\xa2\x1a\x2a\x91\x05\x58\xa0\x78\x99"
	"\xa5\xe8\x86\x43\x23\x60\xdd\x70\xc2\xc2\x56\xc3\xa9\x8c\x26\x57"
	"\xf8\x8c\xca\xd3\x8b\x08\x09\x73\x66\xa6\x3e\xd0\x03\x99\x2e\xb5"
	"\xec\x3f\xd1\x67\x86\x31\x0c\x37\x87\xc6\x87\xa5\xd8\xd5\x11\xb8"
	"\x3e\x0c\xb7\x06\xfb\xb7\x4d\x65\xb0\x7f\x32\x8f\xed\x6d\x7a\xcc"
	"\x91\xf9\xb3\xf4\x01\x04\x17\x24\x2a\xcd\xe0\x0a\x11\x07\x57\x76"
	"\x42\xa4\xe6\x15\xc0\xd4\x5b\xe6\x01\x69\x57\x2b\x49\xd1\xd5\x6c"
	"\x65\x68\x16\x32\xdd\x9c\x0d\xcc\x62\xc6\x1c\xcb\x24\x32\xd9\x96"
	"\x08\x01\x33\x67\x54\x18\xef\x95\x50\xcd\x7f\x68\xb8\xcf\x75\x75"
	"\x11\xe8\xea\x6c\x3b\x8a\xd3\x09\xb0\xed\xec\x54\xe1\x12\xf5\xe7"
	"\xdb\xe1\xf8\xf7\x2f\xea\xaf\x42\x00\x4a\x97\xf3\x49\x15\x03\xf1"
	"\x75\x7c\x41\xa9\xaa\x1f\x5f\x35\xf9\xe5\xe6\x59\xfc\x6b\x7f\xaf"
	"\xa3\x7d\x6d\x60\x09\xf8\x13\xa7\x4c\xf5\x02\x1e\x06\xdb\x94\xb0"
	"\x23\x0b\x78\xce\xbd\x81\xd5\x2b\x8b\xd7\x4b\xd8\xa2\x80\x56\x05"
	"\xeb\x6b\x93\x0e\x7e\x68\x76\x3e\xbc\xbe\xb6\x4c\x77\x4d\x9f\xcf"
	"\x3e\xc7\xac\x9d\x41\x7b\x99\x71\xe5\x68\x31\xb0\x4d\xca\xff\xa9"
	"\x85\xb8\xf2\x40\x5a\x99\x53\x77\xd5\x2d\xd4\xe1\x10\x81\x16\x2a"
	"\x23\x4a\x99\xb5\x90\x44\xb1\x30\x3f\x7b\x1a\xc7\x1c\xe6\x5f\x35"
	"\x56\xed\xe6\x2b\xa9\xd5\x75\xf8\xb8\xec\xff\x7c\x2b\x3e\x27\x97"
	"\x72\xda\x6f\x74\x16\x15\x97\xbf\x0e\x28\x76\x57\x42\xf3\xe4\x17"
	"\x5c\x9d\xcb\xfe\xfc\x5a\x5c\xfa\x44\x76\x5d\x85\xd4\x89\xb8\xef"
	"\x45\xf7\x4c\x45\xaf\x3c\xbc\x1c\x2f\x01\x39\x8f\x8d\xa3\x45\x5e"
	"\xe6\x7a\x72\x33\x2e\x3a\x12\x70\xee\xcf\xfd\x80\x9a\x54\x1f\xfe"
	"\x1f\xf9\x73\x47\x9a\x75\xcf\x03\x2e\xd7\xf7\xde\x4e\x33\x86\xe6"
	"\xac\x76\x43\x7d\xa8\x37\x9a\x56\x2c\x8b\x5b\x75\x1c\x1b\x8d\x75"
	"\xe2\xf3\xff\x39\x5f\x9e\x6f\x35\x21\x11\x01\xeb\xc3\xc4\x2b\xd6"
	"\x7e\xaa\x6a\xec\x3c\x75\x2b\x5f\x9d\x31\x32\xb1\xb2\x78\x29\x90"
	"\x28\x0a\xed\xed\x4e\xa3\x0d\xc8\x2e\xf5\x06\x84\x86\xc9\xe1\x08"
	"\x8b\xfe\xd7\xbe\x55\xf3\x0b\x11\xd1\xfc\x7d\xad\xec\xd2\x6d\x47"
	"\xc7\x2d\x49\x73\x27\xf5\x75\xb3\x7d\x97\xfb\xde\xae\x9b\x04\xbb"
	"\xfd\x2d\xe9\xa6\xa7\x15\x5c\x5d\xf4\x71\xa4\x12\xe9\xa6\x7e\xce"
	"\x99\xcf\xcd\x1f\x1e\xd7\x07\x3b\x77\xe6\x5b\x9b\xaa\xb5\x5e\xa1"
	"\xb8\xbc\x5b\xca\x40\x8a\x42\x44\x93\x37\x50\x2c\xc2\xb6\x5a\xa3"
	"\xac\x9e\x42\xdb\xb4\x86\xc7\x0b\x5a\xaa\x35\x23\x44\xe0\x1a\x27"
	"\xe5\x26\xd3\x47\xde\xe5\xf3\x40\xd5\x14\xfb\x0e\x1c\xed\x9e\x8e"
	"\x88\x2b\xca\x1a\x69\x0b\x28\xe6\x20\x46\xc2\x16\x64\x3a\x88\x16"
	"\x8e\x62\xdd\x81\xa4\xdf\x83\x74\x0f\x8e\x3d\xb2\x1a\x86\x9a\xd9"
	"\xc3\x8b\x31\x7f\xd0\xb5\xf5\x20\x06\x07\x09\x78\x46\xd4\x07\xa8"
	"\x71\x16\x21\x99\xaa\xec\xba\xea\x40\xc8\xea\x28\x8a\x49\xe4\x67"
	"\x6a\xf6\xa2\x0d\x2f\x95\x17\xea\x8a\x36\xbc\x1f\xd2\x8d\x6d\x2b"
	"\x3a\xc1\x83\xc4\x37\x6b\x61\x92\xab\x5a\x97\x31\xcc\x31\x10\xc1"
	"\x09\x3a\x45\x5f\xcb\x98\x72\x50\xa1\x47\x36\x3c\xae\xc6\x6c\x7c"
	"\xc1\x66\xc6\xf8\x76\xd7\xc6\x51\xcc\x51\x14\x43\x1f\x47\x19\xe7"
	"\x2b\x33\x65\x9c\x21\xa8\xc3\xdb\x2f\x9d\x51\xb9\x33\x6f\xcb\x6e"
	"\x8c\x53\x86\xa5\xaa\x77\x30\x1e\xc3\xbe\x83\x81\x69\x63\x5b\x4f"
	"\x53\x47\x98\x41\xc8\x92\xe9\xcc\x24\x48\x4c\x92\x8a\x14\xe9\x67"
	"\x7f\x7c\xb9\xe7\xe0\x70\xb9\x4e\xb9\x65\xb5\x47\x38\xb6\x09\x80"
	"\x8e\x66\x4c\xa3\x8b\xa3\x8e\x8e\x43\xd5\x6c\x6b\x8c\x40\x4c\x55"
	"\x1d\x45\x31\x47\x29\xd1\xb2\xcd\xdd\xc2\x09\xfd\xe0\x69\x0c\x73"
	"\x6a\x8c\x6d\x0e\xcd\x50\x86\xb7\x18\xcf\xd6\xea\x34\x73\x46\x08"
	"\xc5\xb0\xb3\x91\xaf\x47\x14\xdd\x1c\x45\x21\xb2\xaa\x5c\x51\x78"
	"\x68\x69\x23\x1f\x35\x7f\x30\xec\x11\xa2\x4d\x13\x93\x8d\xec\x32"
	"\x24\x88\xe1\x1d\xf4\xe3\x29\x7a\x68\x57\xf0\x15\x84\x71\x3a\xfe"
	"\x86\x5a\x43\x9b\x5e\xea\xc0\x46\x67\xe3\xc1\x19\x82\xd9\xdc\x58"
	"\x97\x9f\x96\xc7\x0b\x1b\x26\xe5\x40\x19\x39\x59\x10\x63\xf8\xc3"
	"\x16\x19\xfc\x6b\xec\xf4\xe1\xd1\x86\x0f\xcf\xe0\x54\x97\x95\xc9"
	"\x00\x25\x97\x17\xc7\x4f\xd0\x8a\x47\xf6\x4b\x23\x94\x14\x35\x41"
	"\x59\x1d\x5f\xcc\xc5\x5d\x47\x49\xde\x5c\x3c\xae\xad\x84\x2b\x17"
	"\x20\xf4\x6b\xe0\x62\xc0\x5d\x59\xd7\xa1\x91\xee\x02\xda\xe2\x56"
	"\xd4\x3a\x46\x1f\xa5\x0e\xd0\xd8\xd2\x25\x62\x5f\x9c\x70\xee\xe0"
	"\x14\xdb\x72\x29\xd4\x7d\xdc\x39\x5b\x51\xba\x5e\xbe\x8c\xa2\x60"
	"\x01\xd5\x37\xde\x14\x05\xc2\xa0\x6c\xc9\x77\x64\x08\xb2\x19\x4c"
	"\xd7\x46\x9a\x38\xa7\x4e\xf8\x2f\xa6\xa7\x19\x76\xae\xeb\x0a\xb6"
	"\x36\xbf\xb3\x74\x0a\xd8\x51\x03\xa9\xc0\x25\x79\x93\x58\x0f\x2c"
	"\x0e\x71\x15\x61\x16\xc3\x25\xe1\x12\x78\xc3\xa1\xa6\xab\x3b\x55"
	"\xd7\x25\x64\x6f\x87\xe2\x78\x69\x91\x8e\xc3\x9f\x22\xb6\xcb\xe8"
	"\x81\x43\xbb\x54\xff\x80\xf6\x79\xbe\xe8\x87\xd4\x8a\xfe\xd0\xc7"
	"\xa6\x4d\x14\x80\x8b\x77\x78\x99\x03\xe4\x92\x76\x68\xaf\x0d\xa4"
	"\x2e\x41\xca\x17\xee\x44\xc5\xd0\x16\x81\xe5\xdb\x41\xd7\x37\xc2"
	"\x38\xb0\x59\x50\x00\x1f\x2b\x59\x96\x85\x74\xa4\x35\x9d\xd2\xcc"
	"\x8f\x77\xa1\x17\xe5\xcd\x51\xd4\xcd\x61\xbb\xd7\x2a\x10\xf9\xf9"
	"\x7c\xfa\x3c\xfd\x75\x99\xac\xbe\x3f\x8a\xf3\x6f\x9b\xc9\xeb\x57"
	"\xf1\x79\xe9\x47\x6d\xf3\xcc\x59\xfa\xcd\xbc\x02\x91\x13\xc5\xab"
	"\xbc\x65\x64\xaf\x9a\xc8\x44\x62\x35\xbc\x93\x8f\xac\x03\xad\x12"
	"\xa8\x37\x3b\x66\x2b\x2c\x38\x2f\xb8\x07\x62\xac\xa4\xbe\x12\xb8"
	"\x4a\xde\x36\x43\x84\xfa\x82\xe3\xd6\x41\x07\xd6\xbb\x84\xbb\x95"
	"\xf0\x4c\x7d\x1e\x6a\x78\x1d\x28\x05\x03\x81\x7b\xae\x4f\x70\xca"
	"\x20\xf0\xe7\x14\xc8\x9e\x6a\xfa\x9c\x60\xb1\xf6\x54\xd5\x72\x02"
	"\xa4\xda\xb6\x97\xf7\x35\x6c\x58\xca\xcf\x4b\x15\x22\x77\x65\xba"
	"\x65\x1d\xf3\xe7\xe7\xe2\xad\x38\x9f\xde\x8b\x4b\x87\x15\x3b\x40"
	"\x8b\xaa\xa5\x11\xee\x80\x15\xd4\xe8\x87\xd7\x38\xc7\xfd\xdb\xe9"
	"\x75\x72\x39\x4d\x5e\x0e\xaf\x87\xcb\xfe\x0d\x2d\x4e\xf0\xca\x7e"
	"\xff\x53\x8b\xc8\xa3\x0b\xa0\x29\xa1\x8b\x01\xc8\x56\xc9\xa7\x54"
	"\xc2\x65\x0a\x40\x9a\x4d\x0e\xb5\x1e\xe7\x9f\x87\xdf\x5e\x0e\xe7"
	"\xe2\x59\x14\xa6\xa7\x06\x9d\x4d\x3b\x09\x8e\x4b\xf0\xfe\x63\xff"
	"\x0c\x9d\x1c\x9f\x8b\xbb\xbe\x5c\x35\xc9\xcf\x53\x4d\xf2\x1b\xa6"
	"\x46\xff\xcd\xae\x18\x31\xfc\x29\xdf\xc8\xbf\x8f\x97\x9f\xc5\xe7"
	"\xa1\xf3\xc2\x99\xad\x53\xbd\x02\xc8\xe8\x07\x0b\x17\x97\x7f\x9d"
	"\xce\x7f\x8b\x19\xfa\xfe\x77\x71\xfe\xdf\x89\xff\xfe\x51\xbc\x88"
	"\xef\x63\xc4\x47\x99\xb3\x76\xda\xf6\x8a\xbe\x2e\x40\x6f\x93\xe2"
	"\x58\x9c\x5f\xbf\x27\x82\xca\x90\x0a\x7d\xd6\x7e\xd6\x9b\xda\x66"
	"\x7f\x14\x69\xf1\x79\x7a\x43\x3b\xfa\x1d\x53\xaa\xf1\x19\x35\xa5"
	"\x1a\x08\xdf\x6a\x7f\xf5\xf9\x47\xb1\xff\xfb\xeb\x03\x7b\x84\xd7"
	"\x14\x93\xcf\x8f\xa2\x78\xfe\xd9\x2a\x6d\x50\x72\xb1\x5d\x2f\xbd"
	"\x56\x45\x3d\x2f\xe7\xd3\xe1\xe5\xc6\xf4\x1c\xbe\x2a\x8d\x6f\x9d"
	"\x53\x37\x08\xd7\x6e\xf7\x16\xb5\x95\xfd\x05\xb3\xbe\x74\xaf\x6f"
	"\xb1\x0d\xcf\x8f\x76\x0b\xda\x0c\xbd\x10\xad\xd9\x49\x1b\xc0\x9c"
	"\x74\xe3\xc5\x79\x56\x83\x6e\x72\x03\x02\x57\x79\xb4\x16\x10\x09"
	"\x23\x14\x08\x70\x74\xf5\xfb\x5c\x25\xb2\xd6\x92\x23\x0a\x0f\x35"
	"\x51\xd4\xb7\x99\xf2\xe7\xea\xe5\x29\x5c\x2b\x5a\xb9\xf9\xaa\xa9"
	"\x9c\xc7\x54\x0e\x3c\x90\xae\x76\x20\x59\x4d\x35\x43\x2e\x3d\x2d"
	"\xf9\x0e\x8b\x5a\xa0\x5d\x41\x7e\x3c\x46\x3e\xcc\x0e\x4f\x9c\x94"
	"\x62\xc5\xe8\xe5\xc4\x82\xf5\x6e\x1b\x80\xfc\x02\xff\x78\xfc\x41"
	"\x0c\x05\x2b\x95\x2f\xe4\x6f\x79\xf4\x03\xa6\x2a\x8a\x22\x5c\x20"
	"\x46\x30\x88\x73\x2d\xa4\xa2\x35\xd7\x7c\x4a\x09\xde\xcb\xd4\x7b"
	"\xa2\x5c\x4d\x12\xdf\x90\x6c\xbc\xe5\xfe\xf3\xef\xe2\x22\x8b\x88"
	"\x06\x01\x0e\xe5\x50\x98\x4e\x7f\x21\xff\x84\x65\x1c\xb8\x0b\x9f"
	"\xb8\xb3\x86\xd3\x15\x4e\xb5\x6b\xe6\x07\x99\x64\x01\x73\x8b\x26"
	"\xe1\x20\x8e\xd7\x79\x33\x65\x99\x23\xca\x61\xaf\xb1\x28\x1e\x2c"
	"\x53\x43\xae\xba\x2d\xce\xb5\xdc\x48\x59\x8f\x8c\xbd\x9d\x9e\xff"
	"\x9e\x2c\xce\xfb\xf7\x02\xf9\x51\xcb\xd3\xe7\xb6\xa0\x28\xe0\x38"
	"\x99\x4f\x78\x28\x23\xc6\x8a\xbb\xeb\x31\xb2\xc0\xb4\x9d\x06\x71"
	"\xf5\xd9\x40\xe3\xbe\x49\x65\xee\x6c\x63\x11\x97\xe9\x6d\x24\xe3"
	"\x1e\x24\x22\xfb\x6b\x03\x89\xb9\xcc\x9b\x12\xa7\x69\x07\x6d\xa6"
	"\x8d\x7e\x22\xe3\x58\xaa\x6f\x47\xd4\xa4\x43\x8c\x87\x38\xf5\x1f"
	"\xa4\x52\xd5\x6d\x97\x61\x14\x6c\x5b\xaa\xba\xc2\xa8\x4b\xe4\xe6"
	"\x9a\x32\x73\xb8\xff\x5e\xea\xaa\xab\x2b\xb2\x1c\x5c\x39\xc2\x38"
	"\x69\x68\x19\x6d\x82\xeb\x20\xe4\x2e\x46\xc2\xe0\x34\x74\xd2\x1b"
	"\x3d\xc2\x8e\x8e\xba\xd5\xdc\x4b\x92\x14\x64\xca\x4f\x5f\xe7\xe7"
	"\xa2\xaf\xd6\x8b\xbb\xcc\x52\x99\x6c\xb5\x24\x69\x3c\x6f\x6c\x02"
	"\x18\x59\x99\x2c\xa8\x53\x18\xb5\xdd\x0e\x9c\x37\xc3\xbc\x9e\xcd"
	"\xe8\xf8\x0e\x46\x1c\x07\xbb\xc7\x38\x5d\x3b\x69\xbb\x02\xab\xd0"
	"\x2f\xd3\xd4\xc9\x72\x40\x57\x14\xdb\xb4\xcd\x66\xf6\x28\x0e\x8a"
	"\x1d\xd6\x87\xae\x51\x54\x4b\x55\xc4\x7f\xad\x17\xc1\xe4\xd5\x08"
	"\xd0\xc1\x4c\x53\x5b\x1a\x4c\x5a\x95\x3a\x05\xe6\x67\x2b\x86\x9c"
	"\x35\xf0\x94\xd5\x73\x1d\xb2\x96\x97\xb3\xa4\x18\xd2\xf5\xe0\x09"
	"\xc3\xbc\x5d\xd2\xb4\x6c\xba\x5d\xe4\x95\x5c\x0f\x05\x8d\xc3\xf3"
	"\x44\x00\x27\xc9\xfe\xb5\x10\x17\xa2\x8d\xb8\xf5\xc6\xc1\x88\xcf"
	"\x83\xa6\x93\x2c\xb3\x32\x7e\x3f\x71\xe4\x0c\xa4\x87\x09\x9f\xb9"
	"\x99\xf2\x01\xdc\x6b\x26\x26\x87\xf3\x0c\xf8\x65\xbe\x5c\x91\x1f"
	"\xe5\xc7\x9b\x46\x1a\xb3\x78\x51\x36\x77\xbf\xb3\xd4\xd1\xdb\x94"
	"\xda\x41\xbc\xb6\x6e\xc2\x50\x52\xeb\xbd\x1e\x19\xe5\x1a\x87\x6b"
	"\xc7\x71\xd6\x86\x80\xbb\x8d\x2e\x91\xd2\xde\x4f\x97\xe2\xe3\x7c"
	"\x7a\x96\x5a\x74\x3c\x4c\x48\x86\x17\x8a\xfd\x07\x3f\xde\x3f\x5f"
	"\xa5\xcf\x24\x21\xaf\x15\xd1\xbe\xd8\x06\x3d\xfd\xc2\xbf\x3f\x2f"
	"\xc5\xfb\x24\x86\x13\xe2\xe7\xe1\xe3\x57\x94\xdd\x9e\x0f\x7f\xc1"
	"\xc2\xbb\x1d\xf5\xe6\x1d\x04\x7c\x68\xc6\xba\x96\x1d\xcd\x67\x7e"
	"\x3e\xed\x5f\x9e\x4f\xef\x1d\xd8\x4d\x62\xc1\x9a\x46\x29\x0b\x79"
	"\x36\xef\x8b\xc7\xdb\xe4\xf7\x5b\x51\xcc\x87\xd3\x19\x98\xa1\xe4"
	"\x15\x87\xff\x0b\xb7\xb2\xf6\x87\xaf\xfd\x1b\xbc\xb9\xfb\xea\xc6"
	"\x8b\x29\xee\x55\x26\x3d\x90\xac\x2e\x67\x32\xb7\x44\x86\xd1\xd5"
	"\x2d\x23\x16\x83\x35\xf4\x1e\x65\x59\xdd\x00\xc2\x9a\xd1\x19\x55"
	"\xc7\xa9\x87\x12\x57\xa7\x0b\x26\x0b\x95\x6c\x83\x1f\x80\x1d\xf9"
	"\xcb\x28\x46\x55\xbc\x7b\xd9\x5e\x73\x5a\x96\x84\xd2\xc6\x5d\xb8"
	"\x90\x7d\xa3\x00\x71\x4d\x76\xa9\x2f\x40\xee\xa6\x79\x99\x9d\x74"
	"\xbe\x67\x11\x78\xdb\x44\xb2\x5f\xaa\x76\xcc\xdf\xd5\x38\x4b\x92"
	"\xde\xf3\xcb\x08\x8e\x85\x6e\x23\x47\x1b\x41\x22\x9f\x39\xd9\xcb"
	"\x58\x92\x4b\xbe\x39\x69\x30\x69\x8f\x65\xad\x1f\x18\x84\x93\x48"
	"\xfa\xde\xb9\x31\xb0\xcb\xa8\x15\x9f\xe0\xef\x36\x5a\x0f\xb5\xa3"
	"\x78\xd4\xdc\x20\x6b\x25\xaa\xab\x87\x07\xcb\x25\xc2\x11\x69\xc8"
	"\x2e\xc1\x4b\xff\x45\x23\x3d\x22\x36\xa0\x65\x54\x64\xb4\x34\xfb"
	"\xab\xe6\x6e\x4a\x53\x97\xcc\xcf\xbd\x39\xc6\x5a\xdd\xe9\x76\xe0"
	"\xad\x88\x70\xce\x0a\xbe\x72\xa4\xe9\x45\xea\xae\x37\x22\x28\x24"
	"\x72\x96\x6d\x6b\x5d\x05\x8e\x09\x21\xe7\x7a\x40\xe1\xb7\xd2\xbd"
	"\x73\x8f\xe5\xa9\xd7\xce\x71\x53\x81\xd6\x5e\x1a\x79\x01\x1e\xf2"
	"\x98\x58\xc6\x97\xcc\x36\x28\x2b\x92\x11\x25\x49\x98\xe4\xbb\x05"
	"\x1c\x85\x55\x4e\x9a\x78\x60\xe2\xb8\xdb\xa7\xa6\xec\x87\xc3\x59"
	"\xbb\x03\xc9\x6b\x4a\x2c\x3f\xc0\x00\x8a\x00\x73\x6b\x89\xa4\x41"
	"\xa8\xa3\xd1\x6f\x6b\x3f\x53\xfa\xe1\x94\x0e\x3d\x12\x7a\xc1\x4c"
	"\xb3\x78\x02\x66\xab\xf6\x1c\x74\x07\x52\xc5\x32\xa6\xde\x03\xfd"
	"\x62\xd8\x36\x98\xd5\x70\x21\xa3\x8e\x48\x1c\xc9\x2b\x97\x25\x1a"
	"\xdd\x01\x1a\xf0\xc2\x92\x15\x36\x8a\x40\x96\xad\x1c\x8b\xe2\xb4"
	"\x95\xe6\x26\xb0\x13\x82\x5e\x69\x27\xe8\x43\xf5\x75\xde\x0b\x53"
	"\x91\x0b\xe7\xc0\xf9\x20\xcc\xc7\x37\x2e\x1e\x32\x38\xda\x93\x66"
	"\x2d\xe9\x55\x58\x35\x5c\x5f\x23\xee\xc8\xcb\xfb\x0a\x52\x5b\x14"
	"\xe1\xb4\x15\x0e\x68\xd5\xab\x1d\x9f\xbb\x42\xd8\x93\x0b\xd0\x89"
	"\xc8\xdd\xc9\xe2\xe4\x89\x82\x43\x87\x9e\x93\xee\x1e\x1d\x0a\x21"
	"\x59\x67\xdd\xe3\x5a\x02\x96\x5f\x34\x34\x47\x5b\x5b\x43\xa4\x9f"
	"\x92\x30\xdf\xa3\xbf\x17\xa9\x27\x05\x29\x16\xc5\x00\x3f\xe6\xb2"
	"\xa0\x2f\x18\x49\xb5\xf9\xba\xe7\x93\x88\xdd\x45\x6f\xd6\x5e\xa2"
	"\xab\xdb\xa3\x18\xbb\x20\x32\x45\xb5\xce\x8b\xb2\xf9\x6a\xbc\xb8"
	"\xa1\xcf\xb3\x06\x7b\x5f\x3d\xc2\x76\xd9\x54\xdd\x37\xfc\xe2\x2b"
	"\x12\x03\xdd\xa8\x75\x25\x75\x6d\x2f\x43\x95\x10\x2c\x73\x43\xaf"
	"\xb1\x22\x2f\x03\x6d\xbf\x15\x1e\xc1\x1c\xcc\xd3\x58\x3f\x8f\x39"
	"\x61\xd3\x6d\x15\xaf\x4b\x2c\x12\xf4\x93\x25\x18\xd5\xe5\x53\xbe"
	"\xb8\x02\x07\xba\x65\xa0\x29\xfd\x91\x39\xc2\x40\x93\x11\x06\x06"
	"\x24\x1a\xe6\x5e\x13\x6b\x51\x38\x30\x6a\xd8\x6e\xcc\xa3\x33\x4f"
	"\x00\xd2\x1f\x79\x38\x8f\x77\xc6\xba\x43\x7f\xf5\x1e\x01\xda\xc6"
	"\xe5\xec\x04\xc3\xac\x44\xb8\xc1\x63\xc7\x72\xd4\xde\xe1\xe2\x78"
	"\x6e\xcb\x3a\xa2\x98\x84\xdf\xdb\xbc\xdb\xc3\xdb\xe1\xf8\x0f\x25"
	"\xf6\x55\xd7\x5b\x1b\x96\xcb\xa2\x6e\x42\xa4\x5f\xe4\x55\xb5\xc2"
	"\x51\xfd\x9c\x2c\x4f\xd0\xd1\xf1\xd4\xee\xab\x02\xee\x96\xf1\xa6"
	"\xae\x17\x11\x47\xb0\xce\x0e\x51\xac\x57\x82\x9f\x73\xcc\xaf\x78"
	"\x27\x72\x3f\x6b\x27\x8d\x2b\x22\xcf\x84\x6b\x6a\x4b\x49\x6f\x62"
	"\x22\xc7\x8d\xd3\x10\xf3\x25\x8c\x8e\x40\xa4\x2c\xe3\xce\x66\x1c"
	"\x13\x1d\x8c\x79\xe2\xdc\xd3\x27\x68\x4f\x3e\xd1\x63\x2d\x5c\x80"
	"\x92\x85\x27\xfc\x3d\x38\xd4\x8d\x70\xb5\x82\x6e\x57\x0e\x47\x9d"
	"\xe7\x7a\x46\xd5\x8b\x4e\xc2\xfa\xb7\x48\x0d\x1c\x11\x85\x5f\xbd"
	"\x47\x6a\xc2\xbb\xd2\x55\x69\x58\x95\x92\x79\x56\xda\x23\xc4\xa0"
	"\xbd\x7f\x2e\xcf\xe2\xe4\x11\x29\x44\x25\x61\x50\x25\x3a\x08\x5f"
	"\x6c\x47\x26\x95\xa9\x70\x48\xaf\xe3\x0a\x8e\x59\x55\x75\x22\x19"
	"\x65\x85\x92\x66\xf6\x6c\xaa\x3b\x43\x28\x3c\x34\x4d\xc2\xed\xa2"
	"\xc2\xa8\xf3\x2e\xc8\x8d\xa6\xa0\x46\xa6\x4f\x32\x25\xba\x59\x9d"
	"\x1a\x7e\x54\x8c\xb1\x65\x02\xbf\xb6\xee\x88\x34\x94\x0d\x0c\x0c"
	"\xc1\x89\x23\x0c\x85\x4b\xe5\x6f\xdb\xad\xd1\x6e\x8a\xe8\xdd\x77"
	"\xc8\x52\x20\xb4\x10\x2a\xe7\x66\x12\xce\xeb\xcc\xcf\x43\x18\x92"
	"\x4e\xee\xbc\xc9\x53\x87\x6e\xf2\x88\xa4\xa4\x8e\xbb\x0d\x74\xc3"
	"\x24\x8b\x42\xd5\x70\x4a\x7c\x99\x87\x8e\x4a\x5c\xe5\x01\x48\xd3"
	"\x28\x10\x53\x4d\xa5\x4c\x19\x27\x67\x13\x8e\x46\xf4\xea\x3a\x3a"
	"\xe1\x45\xe5\x86\x70\x80\x10\x36\xd2\x12\x36\xa3\x61\x84\x5d\x5e"
	"\x2c\x7b\x8a\x62\x28\x2b\x47\x3b\x14\x90\x2c\x16\x30\xab\xf0\x74"
	"\x34\xc1\xcb\xaf\x01\xb6\xdc\x9d\x11\x10\xf6\xc7\x5a\x55\x88\xca"
	"\xd1\x21\xd3\x35\x9d\x8a\xa8\x73\xa6\x86\x49\xaf\x62\x0d\x27\xaf"
	"\x2c\x00\x6e\x59\x64\xdf\xb6\x41\xdc\x59\x02\x6c\x66\x12\xc6\xf2"
	"\x12\x46\x7c\xca\x96\x19\x0a\xe1\x96\x09\x30\x4b\x23\xd8\x11\x67"
	"\x8e\x4e\x56\xb8\xcc\xd6\xb6\xae\x6a\x24\x6c\xee\x98\xff\xd5\x65"
	"\xb6\x66\x91\xd7\xd2\xda\x4c\xa5\x41\x36\x05\x32\xa6\xf4\xed\x38"
	"\xfd\xae\x29\xfd\xae\xe9\x4c\x27\xef\xd4\xed\x29\x05\x9a\x69\xe4"
	"\x53\x33\x22\x42\x8a\x89\x0b\x30\x15\x4f\x1f\x39\xc3\x8f\x36\x5e"
	"\x10\x27\xde\x1d\x0a\x2e\x74\xd1\x4e\xfd\x6f\x1b\x84\x9b\xe0\x6a"
	"\x4b\x95\x06\xf4\x23\x47\xc3\xc2\x63\xc4\x68\x82\x8c\x69\xc6\x54"
	"\xa5\x61\x54\x38\x1c\xc2\x88\x24\x32\x70\x66\xaa\x94\x67\x35\xc2"
	"\x54\x2a\xb1\x59\x09\xb4\x49\x18\xe5\x0e\x8f\x97\x57\x16\xf1\xfd"
	"\x21\x4b\x74\x8d\x88\x8c\x40\x98\x41\xc4\x05\x44\x4e\x3e\xa5\x5c"
	"\x25\xb9\x2b\x64\x0b\x50\x5b\x06\x02\xfe\x32\x1f\x91\x14\x5b\x65"
	"\x83\x60\xc2\x35\xa1\x06\x1b\x5c\x21\xc2\x2e\x4b\x0c\x55\x53\x75"
	"\x7b\x08\xae\xd8\x5c\x55\xb4\xc1\x1e\x6c\xae\x98\x83\x18\x96\xca"
	"\x2d\x22\x32\x42\x60\xc0\x1b\x54\x73\x00\x3c\x9d\x11\x1e\x1f\x25"
	"\xd8\xb6\x6c\xf2\x13\xb2\x80\x19\x26\x91\x8d\x75\xb3\xb0\x54\xa5"
	"\x4b\xd9\x4d\xce\xb5\x38\x9f\x8e\x97\x89\x77\x7c\x69\xb1\x2b\x3c"
	"\x89\x52\x0f\xb8\x65\xd0\x8f\xb7\x77\xde\x3f\xde\x0e\x7f\x1d\x7a"
	"\x0c\xce\xd6\x2d\x89\xdf\xcb\xcf\xe2\x5d\xe4\xe9\x2a\xdd\x3a\xdb"
	"\x8f\x64\x81\xc3\x77\x58\xcd\x4e\xb8\x62\x11\x07\xbd\x67\x11\x07"
	"\x39\x63\xdc\xa6\x36\xb4\xf3\x40\x26\xe4\xde\xfc\xb0\x67\xfd\x98"
	"\xcc\xd5\xe1\xa5\xf6\x3c\x45\x67\xa8\xf2\x76\xb9\x36\xc7\x73\x9e"
	"\xd4\xc0\x2b\xa0\x7d\x68\xf3\xe4\xe6\x4f\x26\x31\x06\x7d\x1d\x2f"
	"\x0d\xeb\x7e\xed\x8a\x03\x87\xc6\xbe\x5c\x04\xea\xcc\x30\x15\xc2"
	"\x97\x13\x40\xba\xa5\x90\x20\xd2\x37\xca\x34\x34\x95\x04\x19\x16"
	"\x0d\xa2\x84\x3f\xd3\x9c\x69\x29\x0d\xd3\x69\x98\x42\x7e\x99\xa5"
	"\x19\x29\x6d\xee\x02\xa6\x6a\x91\xbe\x4a\xa6\x65\x5b\xe4\xa3\x08"
	"\x9e\x59\x03\x92\xaa\x39\x25\xc4\x06\x01\xb2\x49\x90\xa5\xd2\x20"
	"\xf2\x2b\x07\xce\x61\x9d\xf4\xa9\xb3\x6d\x42\x48\x77\x13\xb4\x14"
	"\x12\x7e\xc3\x2e\x37\xa8\x22\xcd\xa1\xa5\xe9\xc4\x6c\xc2\x89\x61"
	"\xaa\xe4\x09\x65\xda\x1a\x79\x98\x18\x53\xc2\x85\x00\x61\x33\x8d"
	"\xe4\xa3\x30\x7e\xc5\xd6\xc8\xf0\xf2\x12\xc3\x34\xa7\x43\xac\xce"
	"\x95\x38\x04\xe3\x8e\x7e\xf9\x7a\x7f\xff\xae\xec\x39\xf5\x46\x5c"
	"\x9c\x8b\xff\xff\x2a\x8e\xcf\xdf\x57\xaf\xb8\x7f\x63\x78\xb5\xeb"
	"\xf2\xdf\x93\x20\xa8\xb1\xca\xbb\x7b\x71\x71\xbc\xbf\x9c\xce\xbf"
	"\xbb\x87\xcf\xcb\xf9\xf0\xe7\x57\x65\xce\x6d\x7a\xca\x75\xa2\xda"
	"\xca\x08\x90\x9f\xfb\xcf\xe2\xb7\x00\xfa\x28\x5e\x26\xc1\xe9\xf4"
	"\x31\xf9\x05\x3a\xff\x75\xf2\xd7\xf5\xe5\x9f\x8d\x97\xb7\x3b\x5c"
	"\x18\xba\x44\xe6\xac\xf9\xc7\xeb\xf7\xf9\xf4\xf9\x7c\xfa\x28\x00"
	"\xd4\x67\xae\x42\x6b\x53\x48\x4e\x80\x50\x2a\xcc\xac\x86\x5a\x43"
	"\xfa\x20\xc9\x7e\xb6\x29\x37\x4c\x4a\x6d\x5b\xaa\x94\x96\x90\xe4"
	"\xba\x02\x2a\x1d\xb5\x3b\x2b\xdd\x68\xf9\x94\xc6\x03\xaa\x91\x9f"
	"\x2d\x75\x4d\x62\x8f\x5f\x15\xfb\xb7\xcb\xcf\xc6\x21\x54\xb7\x9e"
	"\x2f\x93\xb4\xcc\x33\x74\x3c\x5c\xba\x53\xb8\xf0\x0c\x83\xda\x8a"
	"\x02\x66\x50\xbb\x43\x57\x06\xe4\x37\x04\xf6\x23\x85\x56\x5f\xef"
	"\x87\x97\xc3\xe5\x5b\xba\x98\xa1\xa6\x13\xd2\x83\xbb\xca\x88\x43"
	"\x70\x85\x92\x0d\x21\xd5\xad\x32\xae\x11\xfb\x77\x95\xe5\x04\x84"
	"\xfb\x53\x4a\xe7\x42\x90\xd6\x9f\x76\x1f\xf6\xcc\x05\xb3\x17\xbc"
	"\x17\xfb\xcf\xaf\x73\xf1\x5e\x80\xac\xf1\x05\x33\x2d\x21\x55\x43"
	"\x19\x22\x46\x83\xb4\x11\xf8\x40\x51\x24\xd5\x54\x60\xea\x44\x58"
	"\x87\x5b\x8b\x52\x09\x36\x48\x92\xd6\x20\x49\x36\x70\xa8\x37\x54"
	"\x64\x1b\xf0\xd0\x72\xb9\x24\x15\xc4\xe1\xf5\xe7\x45\xbe\x7d\xff"
	"\x70\x77\x9c\xb2\x54\x38\x81\x8e\x85\xe0\xe5\xb0\xc4\xe5\x33\x2a"
	"\x73\x8e\x00\x52\x25\xb5\xe7\x2b\x95\xaa\x46\x8e\x20\x4a\x0c\x0b"
	"\x75\x4d\x25\xe2\x09\x11\x46\x9c\x2e\x00\xd2\x09\xc5\x11\x40\x16"
	"\x41\x67\x08\xb2\x08\x7b\xc1\x32\xd1\x9c\x04\xa8\xd0\x51\x14\x79"
	"\xde\xd6\x52\x42\xc3\xd4\x1c\x81\x36\x53\x08\x1d\xaa\x8d\x44\xe4"
	"\xcc\x11\x40\x95\x38\xe4\xfe\xe0\x0e\x68\x1c\x44\x00\x59\x92\x2a"
	"\x64\x8e\x98\x2c\x25\xd3\xbb\x6c\x80\x65\x18\x8c\x53\x1c\x05\x58"
	"\x11\xb1\xe0\x71\x92\x01\x2d\xc8\x7b\x4d\x60\x9c\x9a\x42\x82\xb9"
	"\xaf\xaa\xba\x4e\x82\x0c\x93\xb2\x94\xe8\x3a\x55\x70\x3c\xdb\xe5"
	"\x1b\x9f\x13\xf3\x96\x31\xae\x1b\x84\x4f\xa4\x80\x11\x61\xee\xf5"
	"\x8a\x65\xb0\x28\x54\xa0\xb7\x80\xd9\x34\x6c\x4a\xf4\x0d\x30\xc3"
	"\xd4\xa9\x6c\x83\xa6\x6a\x6b\xf2\x8b\x9a\x0d\x8b\x02\x72\x4d\x36"
	"\x5e\x18\x58\x0a\xe1\xb3\xb9\x09\x2c\xca\x1e\xfa\x03\x16\x53\xd3"
	"\x24\x61\x73\xe1\xfe\xf5\x58\x5c\x4a\xc3\xae\x94\x99\xac\xed\x19"
	"\x91\xb2\x40\x80\x08\xa1\x77\xad\xcc\x66\x04\x03\xaa\xec\xaf\xa1"
	"\xb3\x8c\x06\x78\xef\x0d\x87\xb4\x1b\x3a\x4b\x9d\x8a\x34\x0e\x43"
	"\xa6\x9b\x9a\xa1\x0c\xf1\x55\xd1\x39\x2d\x0e\xd4\xa4\xb1\x0a\x99"
	"\x69\x1b\x3a\x39\xd4\x2e\x5e\x67\xb8\xe5\x24\xdf\x52\x1d\xf6\x54"
	"\xe5\x30\xdf\x4a\xce\xbe\xe7\xb7\xc3\xb1\xb7\x28\x2d\x09\xee\xe3"
	"\x74\x81\x13\xf1\x20\x35\xc9\x9b\x54\x7a\x5e\x97\xab\xb6\x42\x1a"
	"\x79\x4c\x83\xe0\xc5\x25\x6c\x4a\xca\xe5\x14\x43\x44\x98\xaa\xd3"
	"\xb2\x3e\xb5\x3d\xb2\x24\x90\xca\x39\xdd\x6f\xff\xbc\xec\xdb\xe2"
	"\x40\x10\x26\x33\x55\x91\x08\x71\xc9\xb9\xf8\x44\x29\x42\x4a\xe2"
	"\xf3\x44\xb1\x94\x70\x49\x50\x62\x42\xdd\x06\xac\x12\x6a\x2a\x93"
	"\x40\x55\x07\x0c\xe2\x25\x98\xa4\xeb\x24\x00\xba\x26\x94\x20\x6e"
	"\x92\x86\x38\x00\xe9\xd3\x21\x82\x17\x69\xf8\xe5\xf3\x6d\x52\xb2"
	"\xea\x2a\xd1\x14\x4b\xfe\x19\x3f\x12\x07\x0e\x68\x4b\x2e\x97\x1c"
	"\x31\x10\x47\x36\xd7\x5c\x9f\xb5\x6d\xac\xd5\xf2\x9c\xfe\x39\xbc"
	"\xa3\x04\x8b\xb1\xf7\x2f\xa0\x25\x89\x68\x20\x49\x07\xe2\xf8\x24"
	"\xcf\x3a\xdf\x75\x52\x2c\xac\xea\x75\x3c\x48\x6e\x87\xe8\x02\x23"
	"\x9d\x28\xbb\x63\xba\x20\xc4\x72\xbe\x85\x77\x2a\xe4\x43\xf6\x7f"
	"\x19\x5d\xa4\xca\xf4\x8e\xac\x78\xff\xf8\x0f\x6b\xd7\xda\xdb\x36"
	"\xce\xa5\xff\x8a\x37\xc0\x7c\xdb\x4e\x63\xc7\x71\x93\x17\x08\xb0"
	"\x14\x45\xd9\xac\x75\x8b\x28\xf9\x92\x2f\x82\xdb\xb8\x8d\x31\xb9"
	"\x14\x71\x3c\xf3\x76\x7f\xfd\xf2\x90\x92\xcc\xab\xec\x17\xd8\x02"
	"\x33\xad\x79\x1e\xf1\x7e\xe7\x39\xcf\x81\x63\xa3\xa7\xd7\xf2\x31"
	"\x49\x93\x5a\xf8\x4c\xc8\x70\x56\xf9\x9c\x3d\x25\xf1\xea\xf6\x72"
	"\xe2\x59\x1a\xa5\xd0\x77\x45\x9a\xe4\x97\x9e\x17\x2d\x21\xfa\xe2"
	"\x59\xf5\xd6\xcc\xd3\x3a\x42\xe4\xd4\xb0\xcc\x97\x89\x4a\x34\x9a"
	"\x74\xdc\x41\xc7\xfd\x06\x0f\x04\x15\xf3\xa8\x74\x2b\xf7\x83\x5c"
	"\x50\xd0\xdd\x5c\xbb\xe3\x57\xb4\x5e\xe5\x14\x5b\xdc\x0f\xbe\x3f"
	"\xed\x7e\xd9\xe6\xa5\x5c\x02\x9a\xb0\xfa\x7b\xfc\x54\x55\x43\x6b"
	"\x02\xa0\x09\xea\xb4\xb8\x1b\x2a\xbd\x13\x98\x88\xbd\xbc\xad\x7c"
	"\xfc\x91\xb2\xd5\x3f\x8a\x3d\x6f\xb5\x91\xc3\xbd\x66\x3e\x5b\x0f"
	"\xd8\xe1\xdb\x5e\x28\x26\x1f\x73\xda\xb8\x02\x33\x9d\x15\xf0\x9f"
	"\xd2\x40\xc2\x3d\xa1\xe1\xa4\x9e\x67\x29\x12\x6e\x1b\x00\xeb\xae"
	"\x4f\x1e\x47\xbe\x42\xf5\xe8\x26\x4d\x84\x6b\x86\xd3\x28\x88\xcf"
	"\x8b\xc2\xbc\x71\x72\xaf\x29\x2b\x20\x12\x94\xe7\xb3\x2c\x25\x75"
	"\x12\x26\x93\x89\x67\xb0\x01\xb0\x55\x8d\xc8\xeb\x05\x0d\x49\x76"
	"\x0a\x97\xd0\x9c\x9e\x87\xf4\xaa\x8d\x1d\x31\xd7\x50\x84\xd0\xa9"
	"\x2a\xa4\x44\x24\x31\x4a\x8f\xe6\xa2\xd6\x5e\x4f\xb0\x34\xab\x0a"
	"\xbd\xa6\x90\x37\xdc\x48\x97\x2a\x05\x31\x9b\xb9\xad\x0b\x69\xd9"
	"\x6d\xfa\x62\xf2\x54\x46\xc8\xa8\xa6\x3a\x27\xd4\x6b\x0c\xf7\xc2"
	"\xca\x32\x6d\x5f\x4a\xe7\xdb\x77\xe0\x25\x11\x53\xf4\x8b\xbc\xfc"
	"\x70\x51\x37\xc3\x30\xc1\xe0\x9a\xb8\x47\xef\x1f\x63\x17\x41\x39"
	"\x48\xa4\x86\xb3\x06\x0e\x59\xd5\x1b\x19\xcb\x89\x57\x5e\x38\xbc"
	"\x7b\xda\x46\x96\xd2\xc4\xd0\xb6\x39\x0c\x68\x1a\x92\x42\xd7\xb9"
	"\xd4\x65\xaa\x76\xb8\xf1\x55\x4b\x25\x71\xf1\x6d\x07\x74\x79\xff"
	"\xfd\xf4\x4f\xf3\x8f\xbf\x5f\x1f\xe5\xbf\x14\x66\x36\x3b\x45\xbe"
	"\xc3\x8c\x23\x8f\xb5\xbf\xd0\x7d\xe6\xa7\xd7\xaa\xb6\xd4\x21\x83"
	"\x74\x11\x52\x8f\x6f\xab\x10\xb9\xec\x60\x5a\x7a\x37\xf5\x67\x37"
	"\x13\xcb\x7b\xa6\xe5\xe0\xe3\x7d\xf3\x5d\xac\xed\x76\x7b\x33\xcf"
	"\xdc\x2c\xd9\x25\x4a\xb7\x52\x29\x98\x5d\x7a\x08\x2b\x3c\x74\xe3"
	"\x84\xb8\x95\xe7\xb2\x5c\x57\xb3\xa5\x99\xfb\xfe\x8a\xc5\x34\xf1"
	"\xcd\xd0\x8d\x1a\x24\xcc\xab\xd3\xb5\xd0\x9b\x8c\xeb\xb0\x47\x01"
	"\x3c\x28\x99\xa9\x9d\x7c\x75\x73\x75\xd9\x84\x1f\xf3\x5c\x54\xac"
	"\xcc\x52\x8a\xcd\xdc\x1f\x33\xe5\xe7\x0b\xe7\xa7\x5e\x61\x9d\x2b"
	"\x0d\x1d\x5c\x8a\x8d\x04\x6c\x9e\x4a\x5d\xfd\xb8\x33\xad\x50\xc2"
	"\x72\xf0\xd0\x9e\x2f\x8b\x39\x59\x1b\x02\xdd\x21\x2a\x5f\x21\xb2"
	"\x28\xe2\x6b\xd5\xdd\x97\xab\xf1\xe5\xf5\x6d\xe7\xde\x65\x89\x55"
	"\x01\xdf\x38\x74\xf6\x0f\x49\x22\x5c\x94\x6a\xe2\xd1\x8d\x9a\x46"
	"\xe7\xbe\x5e\x3e\x8b\x6d\x5e\xf6\x07\xe8\x46\xbf\xf7\x3f\xf6\x83"
	"\x48\xfa\xaf\x55\x48\x53\x80\x07\x46\x5f\xb0\xdb\x2f\xca\x74\x10"
	"\x1c\x76\xcf\x8f\x83\xac\xe3\xd4\xd0\x54\xab\x23\x04\x8f\xfe\xb6"
	"\xe7\x1f\xf5\x7b\x96\x2b\x5f\x1b\x06\xd5\x79\x91\x85\x15\x2e\x6b"
	"\x66\xec\x01\xa6\xaa\x01\xb5\xf8\x59\xe3\x98\x37\x2b\xf0\x49\x56"
	"\xc9\xd1\x05\x0e\xe4\x81\x0f\x1a\x61\x9b\xaa\x25\x1c\x6e\xbf\x1d"
	"\x7e\x0a\x9a\x04\x66\xac\xe3\x8c\x60\xd3\x92\xa2\x0b\x6a\x36\x0d"
	"\x05\x41\x4c\xd5\xf2\x3f\xca\x79\xcb\x17\xc8\xb0\x9a\x38\x4a\x6d"
	"\x6f\xb7\x47\x19\xaa\xca\x4c\x34\x8b\xf4\x07\x62\xc9\x63\xc4\x0f"
	"\x0d\xf3\x84\x4d\x4d\xed\xf5\xd6\x43\x50\xc1\xca\x11\xb4\xfb\xd4"
	"\x73\x30\x6e\x91\x34\xa5\xa5\x09\xb3\x73\x4a\x59\xa9\xdb\x3a\x1c"
	"\x65\xbc\x3e\x8b\xfb\x36\x2b\x96\x54\x78\x3a\xe0\xab\x77\x5c\xb8"
	"\xa4\xf0\x1f\x0c\x9f\xb8\x02\xf7\x08\x45\x51\xe5\xba\xbd\x84\x52"
	"\x1f\x0b\x98\x78\xab\x34\x25\x60\x7b\x80\x8a\x35\x4c\xaf\xb9\xb3"
	"\x66\x68\xc2\x4b\x04\x5c\xae\x2d\xcf\x8a\x05\x01\x1b\xc9\xfb\x8a"
	"\x54\xd2\x75\x6f\x95\x9b\xa6\x0c\x6a\x03\x36\x6a\xcd\xa0\x26\xad"
	"\xf2\xe8\x1b\x15\x48\x56\xb4\xf4\xc7\xb2\x44\x7c\xfe\x08\xb3\x69"
	"\x58\x47\x7c\xdc\x8b\x2a\x71\xc1\x74\x4d\xd3\x63\x78\xeb\x67\x98"
	"\x6f\x7e\x79\x6a\xfc\xa7\xb3\x50\x4d\x51\x9a\xce\xe6\x68\x69\x30"
	"\x93\x8d\x09\x3f\x7e\xcd\x68\x5a\xf6\x36\x77\x80\x42\x59\x5e\x60"
	"\x17\x20\x51\x15\xc7\x6b\x67\x7e\x73\xbe\x59\x09\x1b\x65\xf2\x86"
	"\x3a\xc5\x85\xab\xd2\xa8\xc8\x1e\x48\x5a\x97\x88\x39\xab\x50\xda"
	"\x4c\x82\xce\x3f\x0a\x17\xce\x66\x48\xf8\x9c\x5f\x2f\xc3\x12\xb6"
	"\x67\x31\x71\xf7\xa5\x2e\xd3\xbe\xf1\x16\xfa\xd2\x97\x5a\xb8\x60"
	"\x9d\xe0\xfb\x14\xbe\x84\xba\x07\x65\x79\x3f\x8a\x65\x51\xc9\x9b"
	"\x99\x4f\xe3\xa1\xb3\x22\x96\xf7\x46\x2b\x59\x88\x7b\xb0\x34\xae"
	"\xb3\xa5\xc1\x30\x24\x00\x55\x92\xf3\x85\x33\x9d\x9f\x18\xd0\x12"
	"\x57\x25\x09\xea\x99\x68\x93\xb7\x6f\xbb\xe7\xed\x20\x7f\xfb\x87"
	"\x1f\x83\x93\xcd\xeb\xe6\xa7\x7c\xc3\xb1\x67\x5e\xb1\x34\x99\x4b"
	"\x95\x6b\x46\xcc\x9b\x03\x2f\x65\xd2\xee\x48\x4b\x4f\xdd\x95\x96"
	"\x6f\x6f\xcf\x66\x0a\xd2\xc4\x47\x09\x81\x05\x12\x2a\xdb\xac\x05"
	"\x40\xf2\xc9\xaf\x24\x29\x5e\x8b\x8e\xe7\xd4\xd6\x65\x7c\xd3\xb5"
	"\xe0\xc7\x2f\xd5\x3d\xb9\xb2\x6c\x89\xc5\x56\x91\x90\x45\x5d\xd0"
	"\x18\xf8\xf8\xc3\xa9\x31\xb6\x5a\x7f\x81\x56\xa8\xea\x8e\x5d\x2b"
	"\x6a\x8a\x42\xa5\x1a\x2d\xd1\x62\xd4\x27\x5d\xb5\x06\xcb\x7d\xa0"
	"\xbf\xb7\xef\xd7\x7f\x5e\x9f\x85\x7c\x7c\xac\x85\x92\xce\xff\x6b"
	"\xa4\x67\x21\xf1\xdb\xfb\xfb\xf6\x59\xda\x49\xed\x5e\x45\xe3\x37"
	"\x0f\xeb\x1a\x2c\xc8\xd9\x00\x3f\x6f\xf6\x7b\xa1\x79\xe4\x42\x26"
	"\x95\xe6\xf0\xa5\xbb\xa4\xe7\x87\xd1\x4a\x6d\x45\xf8\xa5\x36\x8a"
	"\x1a\x3c\x5b\x18\x01\xad\xfb\x95\x3c\xa4\x86\x9a\x21\xc6\x7c\x78"
	"\xe2\x19\xdf\x44\x78\x5d\x6a\x02\xc7\x14\xff\x11\x8a\xa8\xdc\x07"
	"\x33\x48\x43\xb1\x29\xf2\x83\xda\x8c\x48\x30\x89\xbd\x49\x86\x84"
	"\x67\x95\xf7\xfb\x53\xa9\xa2\x08\xf6\x97\xa5\x53\x65\x5e\x00\x1a"
	"\x06\x04\x83\x01\x5a\xe6\x18\x2a\x15\x14\xfb\x48\xb7\x31\xb1\x6a"
	"\x06\xb7\xcb\x91\x3f\x0b\x71\xc6\xe7\x4b\xfe\xff\x65\x8d\xab\xa2"
	"\x30\xac\x1a\xb4\xd6\x67\x25\x75\x4f\x39\x4c\x35\xd0\x82\x00\x9a"
	"\xe6\x55\x09\xb3\x02\x6c\xea\xcc\x49\x41\x13\xfa\x39\xbb\x6c\xe8"
	"\x3d\xf6\xac\x83\x3a\x8c\xc5\x8c\x9e\x48\xb3\x9c\x9f\x99\xe4\x8c"
	"\x1f\x22\x63\x87\x16\x3f\x0b\x60\xc8\x6c\xed\x9e\x2e\x3c\x47\xa9"
	"\x9c\x29\xe0\xa6\x50\xec\x5e\xb4\x20\xd1\xf3\xd7\x5a\x90\xd1\xc4"
	"\x3c\x64\x91\xa9\xfe\xfa\xda\xb9\x4d\x4c\x67\xfa\x8a\x24\xf3\xdc"
	"\xe5\xde\xb9\x24\xb2\xbc\x36\xcc\xb5\xe4\x57\x65\x56\xe1\x19\xc3"
	"\x05\x81\x15\x1f\xc7\x89\xe7\xb6\xf7\x98\x44\x63\xce\x27\xbe\x73"
	"\x9d\xa3\x95\xf8\xc4\xe2\x06\x0d\x6c\x27\x0b\x31\xf5\x5a\xaa\xe9"
	"\xf1\x80\xb7\xf3\x2c\x0e\xcd\x9e\xdc\x79\xac\xfa\x2e\x79\x68\xfe"
	"\xfe\x76\x10\x42\x39\x3d\x59\x8d\x23\xdc\x6c\xda\x93\x4e\xfb\xee"
	"\x14\xd1\x94\x4f\x23\xc6\x86\x4f\x09\x6c\x8a\xae\xf7\xad\xe6\x53"
	"\x15\xd0\xfb\xb8\xa5\xc6\x27\x47\xaf\xb3\x53\xdb\x60\xab\x57\xdb"
	"\x90\x7b\x9f\xc7\x69\x67\xe2\xde\x41\x60\x63\x53\xb0\x2f\x8b\x7d"
	"\xcf\x2c\xae\x2f\x84\xc7\x21\xd6\xd1\x0f\xf1\x73\x83\x87\xe7\xb6"
	"\xfd\xf8\x3e\x28\x47\x5e\x9b\x80\x16\x13\xb1\xf1\xa5\xfe\x44\x60"
	"\x20\x48\x79\xbd\x5a\xb9\xaa\x89\xe0\x89\xc7\xd7\xc8\xf1\xd3\x2f"
	"\xa7\x10\xf1\x29\xc4\x74\x79\x75\x0a\x70\x7b\x7d\xdd\xe3\xda\x0d"
	"\x37\xdb\xbb\x77\xd7\x1a\x1a\xb4\x2e\xdc\xa4\x99\xbc\xa3\x27\x83"
	"\xb1\x68\xa0\x98\xd1\x1f\x5d\xb6\x86\x62\x59\x16\x83\xc4\x8a\x19"
	"\x84\x8e\xc8\x44\x70\x9e\xc5\x14\xaf\x4d\x57\x7b\x82\xc5\xc6\x36"
	"\x63\x3c\xde\x83\x86\x8e\xf5\xc9\xbb\xae\xa0\x00\xbb\xd7\x15\x2e"
	"\x30\xf7\x6b\x80\x6d\x48\xa7\x7c\x9f\x78\xee\x47\xe0\x4b\x70\xe3"
	"\x32\x78\x69\x6a\xf8\x83\xd7\xf7\xd0\xc1\x27\xda\xc4\xc2\x84\x2f"
	"\x3e\x5e\xe1\x43\x57\x4c\x49\x56\x96\x99\xef\xe2\x04\x3e\x97\x80"
	"\x9e\x22\x37\xd9\x1c\xcc\x2b\x7e\x24\xf5\xed\xcb\x20\xa9\xd9\xe1"
	"\x9b\xbf\xac\x92\xac\xd3\xf9\x8d\x58\xa0\xfa\x3e\x6c\x57\x2a\xe7"
	"\xd7\xc1\x1b\x9f\x46\xe1\x92\x67\xf7\xb2\x05\xfd\xf1\xef\x7f\xf5"
	"\xc7\x05\x47\x00\xfc\x1f\x44\xb6\xe5\x3f\x5f\xc0\xad\x60\x4f\x1d"
	"\x76\xf1\x02\xed\x6f\x6f\x5d\x82\xc2\xb7\x59\x91\xdd\x53\x51\xe3"
	"\xec\x48\x50\xe0\x07\x97\x57\xca\xdd\x13\xdf\x7d\x35\x9b\x47\x65"
	"\xc2\xaf\x48\x3c\x45\xd5\x94\x08\x43\x8e\x2f\xa3\xc9\x4a\x21\x84"
	"\x52\x16\xa5\x34\x5b\xf0\x0d\xde\xbc\x4e\xcb\xab\xc9\xf5\xe8\xaa"
	"\x61\x3e\xef\x34\x65\x72\xcb\x2f\x89\xf0\x58\x0c\x0f\x04\x7c\x49"
	"\x8e\x81\xed\x75\x6d\xc8\x42\xb9\x40\x31\xc9\x5e\xc4\xd3\x2a\xef"
	"\x86\xa3\x6b\x17\x04\xde\x9f\x81\xb6\x41\x60\x46\x97\xea\xc0\x03"
	"\x82\x94\xda\xc3\x86\x21\x72\xc5\xe7\xb9\x2b\xb5\x12\x0a\xb8\x12"
	"\x9b\x26\xea\xf5\x0c\x50\xfa\xc0\x92\xab\x6f\xd9\xd5\xc2\x67\x0b"
	"\x9e\x78\x38\x1e\x4a\x9d\x3b\xed\x82\xd6\x44\xe1\xa4\xf6\x5a\x01"
	"\xb8\xc0\x3d\xa6\x95\x2e\x38\xf0\x28\xf8\x3d\xb7\xb9\xbe\x80\x07"
	"\x00\x83\x3f\xa3\x17\x5f\x90\xff\x2c\x7e\x60\x5b\x84\xd6\x3d\xbf"
	"\xc4\x14\x4d\xf9\x4c\x5a\x52\xec\x64\xe9\x93\x1d\x94\xef\x0f\x17"
	"\x93\xc9\xe5\xb1\x39\x02\x3c\x1c\xb5\x4e\x69\x8e\x87\x63\xed\x0c"
	"\xac\x9f\xdd\x36\x1f\x1f\xdb\xf7\xdf\xed\xec\x69\xf1\x19\x05\xa8"
	"\xe4\x3b\xde\xb5\x72\x59\xac\x70\x09\xf2\x2c\x00\x2d\xe4\xe2\x61"
	"\xc9\x83\xe0\x92\xcd\xa3\x59\x46\xf2\x0e\xec\xba\xea\x97\x24\x20"
	"\x70\x45\x55\x07\x6b\x30\xfc\x37\x2e\x25\x34\x3a\xa1\x2a\x0f\xe1"
	"\xfa\xa6\xcd\x17\xff\xe1\xe2\x22\x68\xc5\x98\x32\xed\x6b\x65\x6c"
	"\xf7\x9c\x31\x9a\x1b\x86\x36\x12\x3e\xcd\x58\x6c\xd0\x5e\xb0\xe3"
	"\x7a\x5c\x3b\x03\xe6\xd9\x34\xf3\x54\x13\xd0\x2d\x79\x3c\x86\xb6"
	"\xb1\x83\xc3\x77\xbe\x73\x22\x18\xe9\x6c\x3b\x2e\x39\x18\xe8\x21"
	"\x5e\x58\xdf\x39\xcf\xf9\x4d\x30\x0a\x7a\xc1\x0e\x9a\x19\xc5\x32"
	"\x50\xa9\xf8\x9e\x0e\x21\x6f\x77\xbb\xee\x13\x56\x05\xfc\x05\xb7"
	"\x82\xee\xc1\x01\x25\x28\x9b\xc7\xa2\xbe\x78\xf3\xb0\x6b\xdb\xd9"
	"\xc2\x75\xc4\x35\xca\x32\x9d\xeb\x7b\xe7\xd6\x9d\xeb\x8c\xe6\xbe"
	"\x76\x68\x31\x3c\x7e\x5c\x16\xb1\xc6\x88\x9d\xb5\x11\x7b\x1c\x15"
	"\x37\x3d\xc3\x3a\xfa\x18\x43\xac\x79\x59\x72\xf7\x91\x20\xaf\x23"
	"\xe7\x35\xbf\x5c\xf1\x75\x62\xab\x7a\x89\xe6\xa4\x12\xa4\x31\xd5"
	"\x0a\xee\xd2\xea\xeb\x7a\xac\x95\x18\x70\x28\xf3\x29\xe8\x89\x58"
	"\x10\xf0\x20\xc9\x83\xa9\x1f\xe5\x27\xa6\x6b\xb7\xb8\x60\x85\x25"
	"\xfc\xb2\xd5\x5f\xf3\xb4\x77\xb6\x10\xbc\xe0\xde\x23\x10\x48\x23"
	"\x5a\x24\x4b\xc4\x07\x4b\x98\x2d\xd3\x38\x43\xa1\x5d\xa6\xbc\xa1"
	"\x44\xa9\x71\x12\xfa\x93\x61\x1e\x0f\x70\x32\x0f\x4e\x8f\xa3\x42"
	"\x24\x0f\x5d\x46\x09\xd1\xed\xa4\xbc\xba\x9d\xb8\x8e\x19\x8d\x08"
	"\xbc\xa8\xf7\x56\x92\x82\x1b\x9d\x05\x5c\xf2\xcd\xf9\x59\xc0\x38"
	"\xcc\x78\xd6\x51\xd1\x77\xac\x6c\xb1\xb8\xc0\xf2\x3d\xa0\xaf\x28"
	"\x68\x78\xe2\x4c\xa3\x02\x6b\x52\x15\xe7\x83\xe7\xd9\x79\xe0\x80"
	"\xa4\x0f\xa3\x33\xca\xc3\x23\x3d\x51\x92\xf3\x93\xa4\x45\x48\x4f"
	"\x9c\xe4\x97\x7c\xa4\xa5\xe1\x89\x08\x61\xef\x53\x3b\x19\x9d\xcd"
	"\x24\x47\x06\x15\xb3\xdd\x55\x00\xd2\x9b\x98\xb8\x70\x31\x17\x4a"
	"\xfb\x10\x5a\xf0\x69\x0f\x88\xc7\xe0\x1e\xe7\xf4\x80\x86\xab\xc1"
	"\x92\xf0\x88\xe1\x49\xaa\x7f\xe8\x37\x73\x26\x5f\x3a\x68\xf3\x14"
	"\x4e\x4a\xc7\xed\xd9\x7c\xfb\xfe\xba\x7d\x66\xd5\x71\xf3\x31\x67"
	"\x9a\x8a\x0a\xff\xd9\x93\x31\x90\x96\x59\x16\xcf\xc1\xa7\xb1\xf7"
	"\x2d\x1f\x50\x62\xa7\x91\xf2\x5c\xd4\x82\x21\xa7\xbc\xbb\xf8\x03"
	"\x48\x94\x20\xe4\x8f\x4f\x7f\xc0\x01\x0c\xa2\x98\xa1\x3f\xfe\xe7"
	"\x8f\x82\xe4\x99\x14\x5c\x18\xf9\x68\xde\xf3\x9a\x53\xb5\x37\x47"
	"\x2d\x4e\x9e\x98\x3d\x19\x4a\xaa\xb8\xa4\xdd\x01\xfe\xc8\xb8\xa8"
	"\x97\x0d\x5e\x42\xf3\x0c\xae\x51\x66\x59\x36\xf7\x45\x85\x52\xd8"
	"\xa3\x03\xc2\x8c\x80\x55\x2c\x62\xde\x5a\x1f\x7c\x82\x4b\x86\x03"
	"\x78\x33\x7d\x7b\xfb\x6b\x80\x0e\x1f\x6f\x83\x27\xfe\xaf\xf6\xec"
	"\xf9\xc9\xf3\x87\x4f\xc4\x29\x5f\xbe\x3f\xf5\xff\x69\x63\x29\xb6"
	"\xec\xf0\xd7\x8e\xa7\xf6\xcf\xee\xf9\x79\xf0\x5d\x9c\xf9\x88\xd8"
	"\x16\x43\x5a\xfb\xc1\xee\x75\xf0\x97\xc8\x10\x5c\x4b\xfc\x82\xe7"
	"\x2d\xa0\x26\xdd\xee\xbb\x23\x30\xfd\x31\xd8\xbc\xfe\xfe\x78\x82"
	"\x73\xe3\xcb\x6e\xff\xb2\x01\xb7\xf6\xff\xec\x3e\x9e\x06\x8f\x6f"
	"\xdf\x0f\xf0\xfe\xf5\xdf\x4d\x91\xba\x18\x5e\x36\xbf\xbf\x6d\x07"
	"\xd0\xb3\x49\xf8\x5f\xdd\x51\x7a\xbb\xed\xbe\x18\xec\x7e\x0c\x7e"
	"\xbf\x1d\x06\xe0\x68\x11\x62\xef\xbe\xfc\xb1\xe1\xff\x7f\x1c\x3c"
	"\x1e\x84\x5f\x00\xc8\xa1\xcc\x72\xa7\x2a\xde\x44\xf0\xaf\xc1\xd3"
	"\xc7\xc7\xaf\xfd\xbf\x3e\x7f\x7e\xdf\xee\x79\xf9\xf6\x87\x3f\xdf"
	"\xde\x7f\x7e\xfe\x79\xd8\x3d\x6e\x3f\xbf\x88\x5a\xfd\x04\xae\x1c"
	"\x7f\xbe\x6f\x3e\xb6\x7f\x3e\x7d\xbc\x3c\x9f\xaa\xd5\xf3\xfe\x68"
	"\x23\x45\x6d\x7a\xa9\x7a\xc0\x48\x59\xd1\xb0\xed\x0b\x7d\x48\x78"
	"\xff\xe6\xb3\xfe\x59\x48\xb8\xa7\x6d\x80\xd2\x50\x13\x6a\x4a\x6a"
	"\x4e\xaa\x5e\x79\x04\xef\x19\xbc\xd2\x87\x0d\xd7\xa0\x4a\x65\x0c"
	"\x7c\xb6\x48\x23\xc6\x2c\x47\x75\xc4\xac\x80\x7a\xc5\xf7\x46\x06"
	"\x01\xa2\x14\x00\x59\xf4\x8a\xc7\x1c\xbb\xd9\x96\x04\x46\xdc\xbb"
	"\xd2\x72\xad\x45\x7b\x55\xeb\x8a\xaf\x4d\xd0\xa9\x08\xaf\xbc\x11"
	"\x8e\xcd\x8c\x8f\xb5\xe8\x6c\x91\x27\x16\x92\xe2\x62\x9d\x9b\x5c"
	"\x93\xf2\x13\x4d\xa6\x66\x7d\xec\x65\x72\xfd\x1a\x84\x9a\x5b\x3f"
	"\xf8\xed\x05\x03\xcb\x66\x20\x5a\x4c\xf3\x5c\x45\x28\x03\xc5\xbb"
	"\xda\xc3\x8a\xf4\xd5\x2f\x5a\xf9\x45\xd3\x88\x8d\x7c\xb2\x0c\xf7"
	"\x08\x83\xb2\x27\x2f\x29\x8d\xed\x4f\xdb\xd2\x8d\xc4\x77\x4a\x07"
	"\x84\x00\xd8\x20\xda\xa1\x4a\x9f\x33\x82\x1d\x2d\xda\x8a\xec\x16"
	"\x6d\x52\x28\x28\x2e\x1b\x05\x19\xfb\x2b\x77\xa3\x4a\xa9\x50\xa6"
	"\xa0\xe9\x57\x49\xbc\xe9\x2b\x93\x78\x64\x97\x6a\x61\x79\xc3\xe1"
	"\x6a\x51\xc6\xb6\xa9\xc1\x32\x0d\xf6\x09\xd4\x95\x95\xf8\x21\x73"
	"\x05\x8e\xed\xc0\x07\x56\x86\x66\x31\x41\x3d\x2e\xc5\x6d\x71\x9b"
	"\xe3\x4d\xdb\x47\x8b\xac\xad\xfc\x63\xbf\x6d\xc2\xbc\xdd\xb1\x03"
	"\x18\x4d\xd1\x85\xbb\x46\x57\x2b\x73\x0c\xaf\x56\xf4\xa0\x6a\x9c"
	"\x75\xa1\xad\x96\x59\x0e\x07\x61\x71\x36\x55\x35\xce\x21\x9b\x4e"
	"\x6d\x4e\xdf\x20\x87\xb5\xdb\x9c\x62\x64\x58\xd7\x56\xce\x4e\x4a"
	"\x63\xa9\xca\xa4\x79\x5e\x02\xb6\x41\x24\x4e\x8d\x6e\xb9\xd9\x8d"
	"\x5c\xc1\x35\x8a\xa7\xcc\x27\xa3\x29\x50\x8a\xd6\xe2\xb7\x86\x01"
	"\xd5\x8b\x52\xbb\xe2\xef\x02\xfb\xa6\x91\x06\x11\x54\x94\x6f\x69"
	"\xd2\x9a\xd1\x69\xca\xcf\x61\x9a\xa7\xe3\x88\x99\xef\x9c\xa1\x19"
	"\x40\x65\x80\xa0\x1b\xd4\xb2\x80\xec\x93\x68\xeb\x8f\xac\xca\x4a"
	"\x85\x65\x5d\xfc\x04\x3e\x4e\x41\x49\x2a\xf8\x12\x23\x4d\x93\xac"
	"\x79\x1b\x13\xb0\x66\x0f\xa3\xa6\x24\x05\xbe\x82\x4a\x69\x59\x10"
	"\x6d\xbe\xbc\x8f\x92\xb2\x5e\x0c\x5d\x78\x21\x19\x19\xd9\xc3\x65"
	"\xac\x7b\x10\x2b\x79\x8f\x1c\xfb\x66\x38\x29\xf6\xcc\x70\x70\xb3"
	"\xa4\x77\x3a\xcc\x83\x7c\xc8\xee\xa6\xa3\xd4\xf4\x01\xe1\x7e\x32"
	"\x46\x6b\x23\xa2\x63\x28\x5f\x10\x42\x5a\x08\x5a\x6b\xea\xd2\xd8"
	"\x71\x21\x51\xbc\x44\x6b\x06\xcf\xb4\xfc\xc0\xe0\x89\x16\x34\xb1"
	"\xdd\x87\x49\x05\xb4\xe2\x7d\x42\xd4\xc1\x29\x60\x02\xb7\x5e\x06"
	"\x85\x6e\xd7\xad\x70\x41\x40\x1b\x13\x1e\x8e\x3b\xa5\x6b\xbc\xe1"
	"\x9b\x3a\xed\xa5\x21\x62\x62\x2d\xb4\xc9\x62\xc2\x4f\x45\x96\x7c"
	"\x0e\x17\xa1\xd8\xf5\x1c\x37\x3d\x8a\xf5\x54\x76\x3b\x99\x5c\xfa"
	"\xda\xb0\x0a\xa3\xda\xb1\x07\x0f\x33\xf6\x39\x42\xe5\xe7\xb4\x34"
	"\xe2\xed\xba\xbd\xbe\x52\x25\x2c\xcc\xf4\x15\x6d\x61\x42\xe0\x77"
	"\xeb\xc8\x00\xf3\x19\x19\x26\xb7\xbb\xf1\xd5\x17\x97\x9c\x66\x70"
	"\x6d\x06\x6a\xc5\x17\xbb\xfd\xdb\xcd\xcd\xf5\xed\xa7\xe1\x85\x3a"
	"\xe8\x8e\xd0\xaa\x8c\x5c\x0f\xad\x00\xf1\x74\x2a\x10\x55\x82\x17"
	"\x53\xb9\x32\x09\xcd\xec\xca\x90\x90\xf0\x36\x04\xed\x18\x02\x63"
	"\x8f\x16\xfa\xfc\x23\x31\x6d\x32\x5c\x2c\x9c\xfc\xb9\x8e\xd0\xe1"
	"\xa9\xd2\xeb\x08\xa5\xfc\x87\x8f\x1f\x37\x17\x66\x92\x52\x39\xb2"
	"\xe0\xdd\x8f\xaf\x46\xde\xf4\x50\xcc\xe7\x3a\xc8\xbc\x58\x47\x96"
	"\x7c\x1a\x24\x76\xee\xdb\x37\x94\x55\x6f\x54\x9e\xaa\x6c\x73\x6d"
	"\x50\x95\x36\xc1\xf0\xc0\x93\xf1\x29\xc5\x5f\x21\x01\xf4\x1c\xcf"
	"\xa7\x3c\x4e\xe7\x3e\xa3\xc9\x10\xdf\x2b\x51\xf1\x14\x61\xe6\xc6"
	"\x6c\xda\xb4\x34\xf6\x5a\x22\xc0\xca\xb3\x08\x2d\x96\xb6\xe5\xcb"
	"\x7e\x7b\x78\x7c\x1b\xfc\x70\x8d\x02\x41\x5c\x6d\x58\xad\x41\xd0"
	"\xdc\x7c\x48\x52\x85\x6c\xcd\xb0\xca\xff\x2c\x02\x45\x0b\x35\x04"
	"\xcb\x86\x08\x2d\xb0\x95\x00\x9e\xd1\x38\x2c\x48\xea\x4b\x23\x62"
	"\x5a\x33\xc9\x74\x4b\x3b\x2c\x34\x54\x6d\x44\x20\x3f\xa1\xb9\x8e"
	"\xf2\xa4\x48\xb5\xf1\xa1\xab\x01\x95\x49\x6e\xfd\x74\xed\x46\xa4"
	"\xc0\x3a\x44\xcd\xaa\x29\x5f\x18\x03\xe7\x52\x92\x90\x24\x0a\xf9"
	"\x7e\x80\xa0\x52\x73\x6f\x83\x67\xf5\x0c\xb1\x7a\x4a\xa7\x28\x2d"
	"\xa9\xac\x43\xd5\x7d\x8f\x64\x4f\xd5\xa7\x29\xca\xa4\x0f\x4e\xe9"
	"\xf8\x4c\x5f\x55\x0a\x94\x4e\x89\x7f\x3f\x8f\xc2\x1e\x59\xe4\x97"
	"\x11\xb1\x93\xf1\x49\x67\xfe\x0f\xb9\x28\xe7\x1b\x41\xef\xe1\xa3"
	"\x27\xaf\x41\x4f\x76\x7c\x2b\x36\x2e\x50\xa2\xd6\x95\xfc\x2d\x77"
	"\x88\xd2\xcb\xeb\x71\x90\xde\x57\x88\xcd\x3c\x09\x2c\x7a\x4e\x5a"
	"\x09\x3f\xd6\xaf\xbc\x47\xad\xa4\xa7\x2e\x72\xbf\xec\x3e\x5d\x8d"
	"\x7b\xa5\x13\xbf\xb4\x70\x24\xda\x8e\x05\xf1\xfc\xa5\x0c\x18\xf9"
	"\x1c\x16\xc2\x2b\x2b\x38\x85\x6a\x4e\x2f\xda\xf0\x91\x10\x7e\x76"
	"\xe9\xc4\xee\x67\xa1\x16\x37\x3e\x17\x37\xc3\x67\x21\x6f\xc6\xa3"
	"\xb3\x70\x70\x66\x72\x02\x75\x98\x52\xc6\xfe\x4a\x68\x17\x2e\x0b"
	"\x68\x01\x2e\x1e\xb7\x3f\x9e\x37\x1f\xdb\x0b\x0b\x98\xb2\x2c\xb6"
	"\xab\x3b\xd7\x2c\x40\x9a\x40\x43\x89\x94\x0f\xe6\x85\x77\x7f\xe3"
	"\x6b\x5e\xbe\x11\x07\x83\x0d\xdf\x6c\x90\xf6\x1c\xec\x23\xe6\x7e"
	"\xc1\xc1\x24\x9f\xf9\x3e\xc2\xd4\x27\xc8\x42\xe4\x9f\x56\x7c\x99"
	"\x8f\xd5\xf5\x2c\x56\xaa\x57\xd9\x2e\x29\xe2\x76\xc7\x51\xf3\x1d"
	"\x87\x56\x4a\x55\xf6\xc5\xc3\x25\xa0\x83\x3c\xf4\x1f\x1a\xe8\xc6"
	"\xc3\x0b\x64\x80\x46\xe7\x80\xce\x4a\xee\x8c\x8c\xdf\x4c\xce\xc9"
	"\x93\x87\xdf\xc9\x00\x9d\x93\x71\x0f\xb5\x8c\x01\x1a\x9f\x03\x3a"
	"\xa7\x0a\x3c\x0c\xbe\x06\xe8\xf6\x34\xe8\xf6\xea\x8c\x98\x6e\xcf"
	"\x69\xe0\xdb\xab\x33\xea\xe9\x76\x7c\x46\x9e\x6e\xbe\xf8\xeb\x89"
	"\x9f\x6f\xa0\xc3\xd7\x37\xa7\xa3\x19\x8e\xce\xc9\x36\x47\xf9\x3b"
	"\x01\x62\x98\x52\xf7\x80\xec\x72\x32\x34\x47\x58\x2b\x18\x9d\x2c"
	"\xc4\xd5\x49\xc4\xe9\x8a\xb8\x3e\x89\x98\x9c\x44\x7c\x39\x89\xb8"
	"\x3d\x89\x18\x9e\x2e\xcc\xf0\x74\x69\x86\xfe\xe2\xcc\x33\x7a\x53"
	"\x17\xfd\xe2\xca\x2b\x4e\x10\x86\xd5\x1f\xa5\xbd\x08\x4c\xe2\xd2"
	"\x63\x17\x71\x84\xa4\x25\xa9\x8a\xac\x1f\x54\x64\xfc\xbc\x72\x2a"
	"\xb1\x75\x41\xe3\xf8\x44\x72\x53\x44\x4e\x42\x0a\x42\xe6\xbd\x08"
	"\xca\xcb\xe5\xf3\x1a\xd2\x61\xd2\x8a\x96\xa7\xab\xef\x54\xa1\xca"
	"\xaa\x98\x1b\xbe\x5f\x15\x04\x9c\xde\x35\x7f\x21\xb1\xcb\x39\x4f"
	"\x95\x52\x6c\xa8\xa8\x34\x41\x8d\xc6\x37\x7d\x40\xd2\x9c\xd2\x61"
	"\x37\xdf\x3c\xae\x7d\x3f\xbc\x03\xd9\x8c\xa5\x46\x3b\x27\x6b\x65"
	"\x2d\x85\x5f\x62\xd3\xa2\xdb\x88\xe5\xa4\x60\xfc\xb4\x09\xaa\x8c"
	"\x1c\x01\xca\x41\x9e\x7d\x77\x13\x85\x47\x19\x49\x9c\x04\xf8\x81"
	"\xdc\x0b\xe1\x82\x3a\x9c\x29\x77\xe7\x3e\xf3\x8f\x4a\xde\x7a\x26"
	"\x84\x09\x73\x61\x71\xcf\xed\x36\x3a\xa9\xcc\x4b\xd3\x36\xcc\xb9"
	"\xb1\xe8\xa2\x6e\xb6\x47\xae\x0f\xbb\xad\xd3\x2a\x2a\x92\xfe\x0c"
	"\x82\xbb\x2e\x97\x5b\x27\x96\x00\x5f\x7f\x0e\xe7\x01\x7e\xae\x0a"
	"\x8b\xbb\xf1\xe5\xed\x44\xf3\xeb\x3b\x43\x45\x48\xe0\xf2\x02\x2e"
	"\x5c\xe1\xf2\xac\x46\x31\x3f\x89\xe8\x46\x73\x16\xa8\x47\x54\x47"
	"\x3c\x82\x00\xe9\x3a\x24\x36\x0a\x96\x00\x96\x7b\xfa\x74\x94\x15"
	"\xe2\x12\x98\x65\x55\x81\x9d\x8a\x2b\x70\x2b\x21\x34\xca\x0b\x78"
	"\x74\x98\x91\x38\xd7\x0c\x38\x5c\x62\x51\x49\x77\x17\x17\x56\x13"
	"\xf0\xce\x0c\x6a\x52\xce\x26\x68\x64\x42\xeb\xd8\x52\x5a\xf7\xc3"
	"\xfd\x1a\x68\x36\x94\x08\x52\x7d\x4d\xf1\x51\x47\xa0\x05\x16\x25"
	"\x62\x3d\x18\x71\x51\x55\x90\x7b\x70\xd9\x56\x2f\x50\x5c\x91\xbb"
	"\x4b\x2f\x98\xd1\xb0\x44\x01\x1c\xea\x67\x35\x58\x65\xdc\xdd\xba"
	"\x8a\x92\xf8\xfc\xcf\x74\x90\x32\x4b\xb2\x75\xd6\x8f\x41\x39\xaf"
	"\xb6\xc4\xab\x13\xd3\xa0\x40\x95\x2b\xa7\x69\x3f\x68\x8d\x12\xe4"
	"\xbc\xda\x2d\xc9\x54\x7f\xf6\xe9\x82\x8e\xaf\x10\x2e\x21\x62\xeb"
	"\x24\x21\x30\xa6\x8d\xd9\xe9\x08\x11\xf4\x12\x72\x26\x29\xb4\xe7"
	"\x17\x25\x96\x2a\xa4\xda\x24\x46\x13\x8f\x47\x9d\x45\xe2\xf4\xf1"
	"\x24\xaf\x22\xfb\xba\xa3\x85\x31\xe8\x94\x3d\xb0\xbb\x8b\xfd\xf6"
	"\x79\xf7\x7a\xf8\xf7\x85\xaa\xf0\x31\x78\xda\xbc\x3f\x6e\x05\x8b"
	"\xd8\x9b\x6e\x64\x90\x6c\x5f\xde\xde\x7f\x0f\x76\xaf\x3b\x60\x87"
	"\xdd\xfd\xef\x46\x77\x8d\x87\xb1\xb8\x07\x12\xca\x00\x0b\x54\x48"
	"\xd3\xf9\x5c\xa8\x30\x2a\x0f\x50\x4e\x14\x28\x65\xab\x75\x47\xcb"
	"\xc6\xd8\x3b\xcd\x52\xc3\x18\xac\x13\xf1\x69\xa4\x8d\xdd\x63\x81"
	"\xa6\x41\x21\x09\x3f\x4e\xbc\x85\xc5\x70\x13\xd7\xd4\x51\x96\xf6"
	"\x82\x23\xbe\xb4\x7b\xb0\xd6\xe2\x40\x22\x62\xb6\x16\x59\xb5\x7e"
	"\x24\x4d\x3b\x27\xe7\xd7\xed\x6b\x97\x72\x3b\x88\xcc\xeb\x42\x04"
	"\x4a\xab\xb5\x4e\xca\xa8\x89\x59\xad\xd2\x68\xc8\x30\x4c\x60\x22"
	"\x15\x96\xa7\x8e\xcb\x40\x07\x26\x0c\xbc\xf1\x03\x0e\x14\x7d\xef"
	"\x2e\xfe\x7d\x7d\x79\x5b\x83\x76\xce\xa6\xde\xbe\xfe\xfc\x53\xb0"
	"\xec\xd8\x50\x51\x26\x15\x7b\xd8\x6f\xdf\x35\xf0\x14\x69\xbe\x98"
	"\xf8\x4f\xc3\x4f\xb1\x2e\x1a\xfb\x45\x2e\x66\x32\x21\xd0\x94\x32"
	"\xa5\x33\x2a\xd1\x53\x28\x43\x5e\x77\x77\xc9\x83\xbc\x26\x76\x7a"
	"\x4a\x8c\x0c\xc7\x6b\xf0\xdb\xd1\x32\xb6\x7c\xd4\x23\xf7\xbe\xaa"
	"\x82\xd0\xac\xcc\x1f\xbb\xbf\xb7\x76\x5d\x36\xf1\xc8\x0e\x2b\x66"
	"\x76\x36\x43\x43\x2b\xa7\x26\x62\x74\x3d\xe9\xcb\x96\x0e\xbe\x1e"
	"\xfa\x6a\x44\x83\xf2\x69\xe7\x69\x33\xd4\x73\xe6\x9d\x47\xc5\x56"
	"\x2d\xeb\x1e\xe4\xde\x7f\xff\xfa\x78\x1b\x7c\x07\x4b\xa5\xb7\xf7"
	"\xc1\xd3\xf6\xf9\x97\xe0\x85\xd7\xc0\xf0\xaa\xad\xb9\x14\xd7\x82"
	"\x47\x76\x38\x41\xa1\x33\xd0\x86\x06\xf1\x1c\xd3\x7c\xa6\x0e\x46"
	"\x53\x62\x7f\x24\xca\xec\x0a\xb4\xa1\x85\x5d\x74\x08\x73\x02\xed"
	"\xbb\xbe\x36\xeb\xde\x9c\x20\x5f\xee\xe7\x79\xee\x40\xc3\xfe\xdb"
	"\x91\x34\xd3\xe6\x9e\x26\x34\xf4\x38\x2e\x95\x52\x82\xc3\x99\xf3"
	"\xaa\x5b\x48\x8f\xf6\x87\xce\xf0\x91\x23\x39\xe8\xef\x27\x23\xec"
	"\x54\x2c\xe1\x28\xc2\xac\xe8\xa7\xd1\x70\x74\x93\x54\xb1\x25\x48"
	"\xab\xd8\x1d\xe8\xca\x49\x2e\xfe\xf6\xe7\xa5\x63\xa3\xb1\x62\x14"
	"\x7f\x85\x8e\x28\x13\x29\xf1\xc7\xc9\x17\xcf\x19\x3f\xc5\x38\x3e"
	"\xf5\x90\x95\x35\x52\x20\x74\xb1\xb2\xc1\xa7\x6c\xaa\x2f\xb2\x6d"
	"\xfe\xaa\x62\x41\x46\xd7\xd7\xc3\x5b\x9b\xbe\xed\xf0\xf1\x04\x34"
	"\xb0\xdf\x37\x1f\xdb\xc7\x01\x79\xfd\x0e\xe3\x12\xb8\x20\x84\xbe"
	"\x25\xda\xef\xdf\xbe\xef\x84\x28\xdc\x7c\x6c\xd4\x57\xf0\x36\x6a"
	"\x9c\xf8\x73\x39\xc5\x89\x5d\x57\x33\xb0\x57\x19\x5d\xe6\x59\xbc"
	"\x1e\x5e\x5d\x5e\x3b\xb2\x8b\xc8\x94\xb2\xa1\x87\xfa\xdb\xc0\xc4"
	"\x27\x41\xbe\x89\xaf\x6d\xa2\x8c\x4f\x58\x13\x0f\xcb\xb1\x8a\x19"
	"\x1a\x14\xb6\x46\x83\x90\x7b\xba\xb0\x5b\x84\x17\x95\x6f\x34\x16"
	"\xed\xac\x17\x08\x57\x16\x60\xfc\xb8\xb7\xe6\x3a\x1c\xb8\xba\x01"
	"\x8e\x02\x7f\xa2\xb8\xb4\x87\x1a\x76\x8c\x0f\x82\x03\x47\xd4\xb1"
	"\xfe\x36\x6b\x0f\x87\x00\xfb\x93\x5e\xe9\xe4\x6c\xed\xec\x43\xd6"
	"\xcb\xc2\x43\x82\xd8\xb6\x49\x48\x51\x5a\x56\xb6\x4d\xf0\x6c\xb3"
	"\x7f\xf2\x55\x0d\x3f\xa1\xd8\xf3\xae\x2b\x70\xe5\xae\xc5\x45\xe2"
	"\xf0\x4a\x12\xee\x7e\x6e\xf7\x1f\x76\x62\x05\xbe\x1a\x61\xc7\x18"
	"\xe7\xc1\x8e\xa8\x83\x18\xcd\xc9\x88\xf5\x15\x99\x7f\x5a\x0e\x2f"
	"\x43\x1a\xf5\x8c\x14\xe7\xd2\xd2\x33\x46\x92\x70\xdc\x33\x6b\x86"
	"\xce\x4f\x28\xef\x8d\x7c\xa3\x9a\x78\x2e\xbb\xda\x55\x21\x09\x4f"
	"\x8c\x3d\x40\x4c\x2e\x4f\x20\x4e\x0c\x3b\x8e\xb8\x1a\xf5\x8d\x27"
	"\xb9\xa7\xb1\x02\x79\xb4\xae\x60\xbe\x61\x71\x94\x98\x0b\xae\xfa"
	"\x32\xc1\x92\x5e\x71\x39\x2d\x86\xb7\xa3\x3e\xc4\x32\x37\x76\x4a"
	"\x72\x86\xdc\xfd\x7a\xd2\x0c\x2c\xbb\xe9\x88\x39\x67\x3b\x66\x38"
	"\x41\xb6\x10\x69\x15\x50\xd6\xb3\x88\x14\x78\xec\xec\x99\xd9\x32"
	"\xa2\xac\x77\x39\xc7\x28\x21\x71\x4c\x51\x3f\x86\x95\xd7\xa7\x00"
	"\x13\x7f\xf6\x42\x67\xb1\x23\x6b\xb5\xb5\x26\x93\x19\x7a\x40\x61"
	"\x6f\xfb\xa1\x98\xa1\xbe\x5e\xd4\x2e\x36\xae\xbe\x41\x48\x7f\xdc"
	"\xa4\xc8\x0d\x4a\x1c\xbb\xfb\x8c\x7b\xbb\x0f\x41\xfe\x9c\x95\xcb"
	"\x0c\xda\xc6\xea\xcb\x4d\xb8\xc1\x64\x80\xdf\x5e\x7e\x01\xf9\xba"
	"\x7e\x4a\x6f\xab\x57\xbc\x1c\x5b\x31\x49\x7d\x5f\x33\x53\x37\xe3"
	"\xde\x0e\x1d\x3f\x8c\x4f\x88\x67\x3d\x8b\x42\xa3\x38\x2c\xad\x40"
	"\x36\xaf\x8f\x6f\x2f\x83\xf4\xf0\xf2\x6d\xfb\xde\x7a\x6f\x32\x3c"
	"\x36\x75\xfd\x9b\xd1\x1a\xe7\x85\xd3\x72\xb8\x2d\x65\x01\x9a\x4d"
	"\x24\xad\xac\x72\x0a\x49\xb3\x18\x58\x7b\x59\x21\x43\xfd\x63\x40"
	"\x80\x70\x59\xf4\x27\x6e\xa5\xfb\x95\xc2\x8d\x05\x01\x1e\x6a\xf5"
	"\x9a\x54\xd9\xd6\xd6\x48\x37\x90\x37\x44\x27\x33\xd6\x01\x59\xb3"
	"\xdb\xf7\xe7\xb0\x83\x16\x86\xfd\xb6\x21\x86\xc3\x90\x3f\x16\x71"
	"\xfc\x6b\x08\x86\xd4\x53\xda\xf3\xee\xdb\xfb\xe6\xfd\xf7\xe0\xfd"
	"\xed\xf0\xb1\x7b\xd5\xf5\x28\xdb\x9e\x41\x03\xd7\x52\x68\x83\xe4"
	"\x90\x6c\x69\xb7\x5d\xdb\x92\x0e\xd4\x1f\x51\xbb\x38\xf2\x63\x0c"
	"\x7d\x20\x77\xb7\x7d\x90\xfe\xd4\x5a\x58\x6f\xcf\x87\x5c\x39\xb7"
	"\xd1\xfe\xfc\x1f\x37\xb9\x3d\x55\xbe\x74\x75\x5b\xb2\x68\xc9\x71"
	"\x0b\x8f\x1d\xb6\x82\x64\xd7\xf9\x29\x08\xc6\x67\x40\x0a\x0f\xad"
	"\xae\x02\x9a\x51\x3e\x52\x19\xc1\x7e\x32\xdf\x28\xc9\x4d\x32\x5f"
	"\x08\xab\x23\x9a\x1b\xfa\xf2\x9d\x08\xe1\x45\xee\xb7\xbd\x4f\xe1"
	"\x4d\x2a\x02\x0e\x8f\xe6\x25\x4a\xd8\x2f\xba\xee\xae\x80\xd5\xd3"
	"\x46\x2a\xfa\x6d\xda\x25\xb0\x20\x78\x71\x0a\xf3\x2a\x88\x1b\x0c"
	"\xab\x02\x1d\xb6\x82\x7b\x19\xe5\x1e\x0d\x4c\x1d\xf5\x1b\xbd\x39"
	"\x66\x5f\xf8\x44\xc5\x18\x5c\x2c\x75\xd2\xe3\x4d\x9c\x90\x8b\xdc"
	"\xf1\x04\x3c\xce\x7d\x84\x8e\x69\x4e\xa4\x3d\x80\xe0\x47\x84\xc4"
	"\x8c\x5b\x2c\x39\x08\xc1\xbf\xd7\x0f\x71\x7a\xdb\x0f\x7e\x00\x85"
	"\xf8\xee\xe7\xab\x74\x77\x20\xac\xd8\x76\xaf\x3f\x15\xd2\x16\xa1"
	"\x94\xe3\xbf\xa1\xb1\xe5\x0c\x5e\x51\x54\xad\x20\x90\x4b\xb2\x5c"
	"\xa5\x12\x7c\x97\xf9\x59\x1a\x4a\x02\x58\x2d\x3d\x37\x5a\x46\xcd"
	"\x67\x10\x3c\x8f\x29\x2b\x5d\xe0\xee\x45\x30\x85\x58\x85\x6e\x7f"
	"\xd4\x4e\x54\xb1\x3d\x43\x75\xf0\xb2\x00\xeb\x43\x46\xd4\xa7\xac"
	"\x05\x91\xea\x8e\x2e\xa9\x7c\x28\x54\xe9\xe5\x5b\x1f\x01\xac\x2c"
	"\x52\x0c\x0f\x5f\x45\x96\x18\x37\xb9\x2a\x24\x26\xa9\x47\x9a\x12"
	"\x50\xaf\xa6\xaa\xae\x51\xe7\x7f\x00\x53\xd3\x62\x4e\xe4\x10\x74"
	"\xf9\x71\x92\xaf\xf0\x4c\x52\xc7\x16\x24\x72\xa8\x6c\x46\xc0\xeb"
	"\x20\x4c\x4c\xf3\x98\xea\x3d\x8e\xa6\x8d\x9a\x7e\x4e\x33\xe7\x3c"
	"\x84\x81\x60\xbe\xd4\x6e\x9f\xf0\x70\xa2\x4f\x4b\xb8\xb6\x4f\x30"
	"\x9a\x98\x96\x55\xed\xbe\xaf\xb0\x8e\x4d\x3c\xa0\x8f\x8e\xbd\x01"
	"\xf0\x21\x48\x82\xf5\x8d\xe3\x53\x29\xf1\xed\x53\x04\x04\x15\x4b"
	"\x5f\xbf\x94\x88\x80\xfa\x76\x76\x78\xe2\x8d\xd9\x2b\xf8\xe2\x7a"
	"\x91\xa5\x41\x77\x92\x54\xb1\x2e\xd5\xfa\xd5\x4a\x3f\xfe\x89\x87"
	"\x26\x65\xd1\xd2\x82\x45\x9b\xcb\x07\x75\x1f\xc4\x92\x2a\x0c\xfe"
	"\x69\x98\x25\xfd\x0d\xf0\x10\x4b\x9a\x41\x7d\x57\x29\x42\xad\xbd"
	"\xa6\xaa\x98\xa9\x87\x86\xc4\x15\x3e\xae\xdd\xa1\x2e\xb4\xa6\x52"
	"\x69\x04\xbb\xf0\xab\x07\x08\x36\x7f\xd7\xab\x9b\x89\x15\x26\xc8"
	"\x98\x72\x1b\x4b\xd1\x64\x6c\x05\xa2\x22\x71\x85\x95\xb3\x2a\x09"
	"\x2c\x01\xe3\x53\xbe\x1d\x6f\x80\xbf\xaa\xad\xd0\x84\x7a\xea\xff"
	"\x58\xb6\x7a\xaa\x59\xb3\x29\x82\x80\x0b\x46\x4e\x49\xfc\x90\x20"
	"\xa7\x60\xf5\xe0\xc1\x67\x9e\xf0\xb1\x3d\x49\x39\x34\x06\xf8\xae"
	"\x21\xac\x59\x16\x67\x89\x6a\x9c\xa6\x86\x82\x9a\xc6\x8d\x47\xc4"
	"\x13\x54\x44\x40\x4c\xcd\x08\x74\x70\x57\x58\x3d\x57\xf7\x16\x4a"
	"\x78\x90\x38\x83\x23\x96\xa8\xeb\x3b\xcb\x30\xe5\x33\xbb\x98\xf9"
	"\x0b\xa4\x29\x36\x08\x5b\x65\xd5\x6d\x03\x04\x85\x6a\x3d\xa6\x22"
	"\xd3\x53\x08\xac\xf9\xf4\x3e\x2d\x67\x86\x0c\x04\x49\x43\x49\x62"
	"\xea\xd4\x83\x0c\x74\x32\xea\xb2\x9e\x8c\x03\x5a\x1a\x0b\xd1\xff"
	"\x55\x76\x2d\xbd\x71\xdb\x40\xf8\xde\x5f\x91\x63\x0b\xb4\x81\x5d"
	"\x18\xbd\xf5\xa0\x07\xb5\x2b\xac\x24\xca\xa2\xd6\x9b\xe4\xb2\x28"
	"\x02\xa3\x30\xd2\xb8\x41\xec\x00\xf9\xf9\x9d\x07\xa9\xe5\x6b\xb8"
	"\xe9\xc1\x80\x57\x1c\x91\xd2\x0c\x35\x33\x1c\x0e\xbf\x71\xcc\x45"
	"\xb2\x46\xef\x69\x4d\xe1\x89\x64\xa4\x63\x32\xa8\xc0\xf5\xec\x27"
	"\x06\x9c\x7a\xbd\x0e\x3e\x20\xcc\x6e\x60\xf9\x78\x8a\x7c\x3e\x9e"
	"\x97\xc0\xa4\xb4\xf7\xbe\x59\x1b\x74\x10\x17\xc4\xdf\x25\xc5\x30"
	"\x0d\xe1\x51\xcd\x66\xf8\x80\xc0\x3d\x81\x82\xd3\x4b\x2b\x84\x97"
	"\x80\x01\xf9\x8d\xd8\xe5\x1e\x3d\xf0\x9c\x4b\x37\xce\x3d\x68\x1d"
	"\xef\x15\xd3\x3d\x7e\x68\xef\x7c\x10\x6f\x44\x9f\x5f\x30\xec\xbb"
	"\x2e\xef\x05\x3e\x3f\xb4\x46\xa7\x53\x7b\xa7\xd6\xb5\x1f\x95\xee"
	"\x5a\x7f\x6e\x18\xac\xec\xa2\x87\x8c\xc5\x35\x04\x8e\xd5\xfb\x20"
	"\xf8\x20\x5a\x66\xb6\x87\xf7\x44\xb0\x47\x62\x12\xd5\xb6\x4f\xef"
	"\x3c\x35\xba\xfa\xe5\xeb\xd3\xf3\xeb\x27\xae\xe2\xf5\xf9\xf1\xe5"
	"\xef\x34\xc5\x8a\x9c\x9f\xc3\x19\x1f\x38\x38\x9f\x81\x09\xdf\x88"
	"\xc1\x31\x60\xaa\xc9\xb6\xad\x74\x27\x52\xdc\x1f\x7b\xe5\xb5\xdb"
	"\x6e\x71\x6b\x37\xd0\xac\xce\x9d\xcd\xf4\x7c\x49\xd4\xd2\x7a\x75"
	"\x1d\xd0\x19\xaf\xfc\x24\x78\x3f\x55\x58\x40\x23\xd9\x07\xdd\xc2"
	"\x1c\x4f\xff\x3c\xfe\xf6\x8a\x60\x81\xe4\xbf\xbe\x10\x17\x2c\x56"
	"\xc3\xd7\x94\x11\x0e\xda\x3f\xc4\xd2\xbf\x5c\xc5\x43\x8a\xc7\x46"
	"\x88\xf4\x78\x64\x06\xdc\xa6\xf5\x1a\x51\x7b\xaa\x96\x4e\xd8\x9b"
	"\x6e\xe1\xcb\x69\x96\x7e\x5e\x8d\x8c\x7e\x36\x82\x1f\xbc\xa1\xee"
	"\xb8\x3d\x53\x44\x4a\xa1\xc3\xa9\x9c\xb1\x15\x4c\x1d\x58\x1b\x19"
	"\xac\x1e\x33\x4a\xa5\xb0\x2a\xc2\xc5\x45\xaa\x7c\xaa\xfe\x04\xde"
	"\x63\x8b\x1d\xd4\x7a\x10\x8e\x2f\xa0\x5c\x09\xc7\xbe\xf0\xf6\xd2"
	"\x11\x12\x18\x5f\x21\xd0\x0d\xbe\x52\xe1\x76\xc3\x27\xdc\xf1\xac"
	"\xd0\x58\xad\x59\xec\xe0\x98\x84\x38\x42\x29\x15\xd1\xa7\x77\xaa"
	"\xa6\xd5\x32\x8d\x70\x52\x60\xfc\x98\x99\xf6\x7a\x3a\x21\x60\x6d"
	"\xd8\x00\xaf\x55\x75\xc0\xf4\x43\xd4\x8e\x39\x9d\x53\x21\x82\x0d"
	"\x15\xcb\xf0\x8f\x68\x6f\x17\xb7\x0d\x70\x16\xea\x9f\x37\xdf\x6f"
	"\x73\x54\xe0\xfe\xf7\xfe\x12\x82\x9f\x80\x53\x45\xdc\xa2\xc5\x66"
	"\xe1\x6c\x35\x4d\xfc\xb0\x0a\xc9\x05\x6c\x99\x9a\x8c\x94\xbd\x60"
	"\x6b\x22\x00\x21\xa9\x7d\x59\xbc\xc0\x10\xa3\x27\x69\xe9\x75\xe9"
	"\x06\xf1\x0e\x0b\x24\x8b\x46\x7c\x21\x79\xa5\xce\x54\xba\x46\x40"
	"\x03\x21\xcd\x72\x70\x38\x62\x52\x56\x0e\x51\x50\x0a\x5c\x46\x34"
	"\xa4\xc5\x2d\x23\xc1\x5c\x0f\x20\xc8\x54\xc8\xae\xa5\x34\x1f\x29"
	"\x95\xe8\x88\x2a\xad\x40\x95\xcd\xe1\xda\xd4\xbf\xa5\xe1\xa3\x9e"
	"\xe9\x53\xd8\x86\x42\xf7\x36\x45\x05\xd3\x90\x4a\x62\xe1\x79\x8a"
	"\xae\x85\xc8\x11\xf6\x8d\x2a\x53\x4d\xb9\x15\x2e\x35\x80\xb7\x00"
	"\x96\xda\x47\x08\xb0\xc9\x5b\xdc\x9a\x2c\x23\x82\xd6\xcb\xbd\x97"
	"\xac\x5a\x6c\xc8\x1d\x69\xe4\x1b\xa8\x04\xcb\x4d\xc2\xb3\x43\xa3"
	"\x1f\x92\x31\xe0\x06\xb8\x6c\x8b\x70\xcd\xc1\x62\x05\xe9\x4b\x62"
	"\xdc\x63\xfd\xc1\x64\x57\x0f\xbf\xa6\x37\xc3\xbf\x1f\x3f\x7d\xfb"
	"\xc2\xd6\x63\xff\xd7\xb3\x8f\x79\x6c\x2b\x7b\xb4\x6a\x55\x4d\x58"
	"\x30\x42\x77\xab\xd8\xb8\xa5\x85\xfa\x64\x51\x21\x19\x99\xc6\x26"
	"\x6a\xde\xfa\xb9\xb4\xd1\x50\x67\x8d\x55\x39\x50\xd8\xb9\x0e\xbd"
	"\x1b\xc4\x41\x63\x9a\x78\x50\x1e\xe9\xbc\x47\xfc\xc1\xb0\xc2\xca"
	"\x96\xd3\xe3\x9a\xc8\xb3\x60\x14\xda\x9b\xcc\x40\x1b\x99\xfc\x2c"
	"\x21\x49\xfc\x28\xa7\xfb\xad\xd6\x8e\x17\x3a\x23\x4a\x30\x02\x3a"
	"\x70\x74\x83\xcb\x71\x47\xdc\xe8\x9e\x76\x43\xcc\x35\x60\x92\xda"
	"\xa4\xf8\x09\x5d\x8c\x2a\xba\xe0\x35\x97\x72\x7b\xd1\x42\x44\xc9"
	"\x6a\x42\x4d\xed\x55\x03\x87\xe3\x1f\x94\x9a\xaf\xa8\x58\x58\xf9"
	"\x8c\x73\xea\x04\xe2\x5c\xf5\x0a\x5b\xfd\xfc\xf2\xe5\xe9\x19\xf3"
	"\x04\x5e\x7e\x7d\xf3\xf9\xdb\xeb\xe3\xf7\x47\xf8\xe7\xf1\xf5\xe3"
	"\xdb\xb7\x6f\x7f\x09\x67\x31\xf7\x4b\xf8\x9a\x19\x3c\x31\xf0\xe2"
	"\x1e\x36\x34\x91\x3c\x46\x27\xf6\x81\x2f\x5f\x52\xfa\x18\x56\x82"
	"\x45\x95\x32\xa5\x2f\x11\xde\x1c\x3b\x2b\xa9\xbb\xab\x9d\x9c\x4e"
	"\x4c\x04\x36\x40\x9f\xe2\x34\xf7\xf8\xa9\x4e\x46\x8d\xa5\xce\xe8"
	"\xd5\x64\xb3\x68\x6b\x55\xad\x1a\x7d\x51\x33\x80\xe8\xae\xf4\x85"
	"\x3c\xa6\x9d\x18\xeb\xc9\x1b\x99\xa1\xf0\x2d\xaf\x54\x26\x41\xb2"
	"\x93\x97\x17\x95\x97\x5a\x34\xf7\x5c\x5d\xac\xcb\x9d\xe8\x14\x61"
	"\x0a\xec\x71\xc2\xed\x4b\x98\xa3\x1c\xcf\x29\x3c\xfc\x81\xed\x71"
	"\xd9\x9a\xc2\xdf\x83\x5a\x6a\xed\x47\x41\xaf\xb5\x60\x94\x36\xb5"
	"\x7b\xc0\x22\x6c\x28\xcd\x95\xd2\x27\xe2\xa0\xe8\x4b\xa2\x6d\xc0"
	"\xa5\x87\x15\x32\x78\x57\x29\xc8\xc6\xd2\x1c\xf3\xee\x14\x34\x70"
	"\x49\x22\x51\x2a\x48\x21\x89\xce\x23\x41\x63\x0c\xc2\x01\x19\x38"
	"\xa5\xf3\xfb\x6d\xd4\x09\x4a\x4d\x1c\x42\xdd\x9b\x02\xbe\xe1\x56"
	"\x7e\x8a\x5d\xd5\x25\x71\x52\x23\x4a\x06\x1b\x02\x37\x11\x77\x67"
	"\x84\x88\x26\x3c\xf0\x1e\xd4\xf2\xc0\x8e\x0f\x1d\x31\xa6\xda\xb9"
	"\xc2\x6e\x0b\x0b\xe0\xac\x96\x45\x2f\x79\x74\x2a\x0f\x34\x44\x44"
	"\xb0\xba\x7c\x12\x5c\x02\x6a\xd5\x39\x1c\xcc\x49\xcf\xcc\xae\x25"
	"\xf2\x5c\xba\xe3\xc4\xeb\x81\x72\xeb\x6e\xa9\xe6\x7d\x9e\xc6\x2d"
	"\x34\xbb\xa8\xb8\x1c\x77\xc0\xde\xc6\xd8\xe8\xe3\xb4\x12\x6a\xb7"
	"\x5f\x69\x96\x48\x10\x53\x82\xa4\xbc\x21\x32\x9a\x88\xa2\xb1\x37"
	"\x72\x2f\x5e\x04\x8a\xfa\x6e\x50\x32\x5e\xd0\x0b\x15\x48\x7d\xec"
	"\x3a\xff\x41\x09\x56\x83\xe8\xc3\x44\x59\xae\xd0\x66\x4b\x12\x25"
	"\xaf\x97\xd0\xdb\x0b\x9e\x0d\x70\xf2\x49\x14\x48\xc4\xd7\xfc\x92"
	"\x81\xcd\x14\x86\x65\xe8\x01\x8d\x14\xb5\x01\x27\xa7\xfb\x81\x8e"
	"\x4a\x24\x6c\x68\x0b\x04\xfb\x13\x4c\xa0\x0c\x41\xb8\xb0\x76\xfe"
	"\x0b\xd3\x05\xa6\xdc\x8a\xda\x8a\x53\xa8\xdc\x4e\xb7\x9d\xcd\x04"
	"\x4e\xf6\x5e\xe7\xbe\xfc\x1a\xf4\x2c\x88\x02\x4c\x2a\x6d\xc9\xc5"
	"\x67\x19\xdc\xf5\x6a\x82\xef\x87\x6a\x3f\xf1\x0d\x82\xbd\xdb\xc8"
	"\x11\x0c\xbd\x44\xc8\x1e\x48\x81\x3d\xf5\x70\xa0\x7d\xd9\x5e\xa7"
	"\x6a\xc7\x39\xd1\x30\x5a\xad\xac\x28\xbd\xb2\x03\xf9\xcb\xf5\xdc"
	"\x25\xd7\x22\x4a\xaf\xd2\x94\x41\x96\xf7\xbb\x9d\xa4\xb0\x3d\x38"
	"\xd3\x1a\xb4\xc0\x7e\xac\x96\xbc\x8f\xe0\x7d\x1e\xff\x83\x12\xd8"
	"\x03\xfa\xba\xb0\x77\xec\x4d\x65\x0a\x49\xc9\x94\x3c\x4b\xd4\x03"
	"\x96\x3e\xa8\x66\xda\x78\x15\x2a\x05\xe3\xf8\xcc\x8b\xf3\x6e\xee"
	"\xc3\xb0\x13\xc6\x79\xb1\x36\xb4\x90\xe4\xbf\x80\x9e\x00\xa3\xe1"
	"\xca\x10\xb8\x74\x16\xaf\x2a\x2f\x56\xef\x44\xae\x9a\x08\xd8\x36"
	"\x24\x11\x5b\x59\xd6\xb4\xa6\xa2\x23\x4d\xd2\xdb\x6e\x45\x37\xc9"
	"\x05\x29\xd8\xc4\x1a\xe1\xcf\xe4\x76\x8a\xb3\x20\xcf\xca\x64\x60"
	"\x78\xd1\x0a\x09\x56\x95\xbd\xb0\x3f\xee\x36\x77\x28\x61\xc9\x5e"
	"\xbd\x43\x78\xe3\x02\x43\x38\xcc\xca\xa7\xff\x8c\x4c\x77\x00\xc2"
	"\x55\xa8\x68\x4c\x04\xbc\xa9\x2c\xb7\x73\x84\xb7\xd8\x0e\xd6\x73"
	"\x68\x65\x8a\x63\x84\x05\x14\xb6\x22\xc4\x59\x07\xee\xaf\x4c\xb1"
	"\xe0\x4e\xe1\x2a\xe2\xfd\x33\xbf\xc4\x9a\x15\xd8\xda\xb7\x95\xdc"
	"\x38\x1c\xc6\xc2\xb3\x63\x16\x51\x0c\xbb\x16\x31\x60\xee\x84\x53"
	"\x26\x13\x96\xe3\xbe\xa6\x07\x38\x6b\xc3\x42\xbf\x17\xe4\x4d\x80"
	"\x4f\x85\x07\x95\x03\xd0\x76\xbe\xd0\xa9\x51\xf1\xd0\x30\x4f\x96"
	"\x51\x17\x24\x35\xaa\x51\x0c\xdd\xb8\x31\x70\xd9\x20\x90\xc0\xed"
	"\xc2\xe7\x60\x4b\xed\x52\xa8\x2d\x28\xb5\xeb\x57\xa3\x98\x07\x75"
	"\x25\x1c\xb4\x6b\x83\x7d\x19\xfc\x5d\x0a\x67\x1d\x6b\x0a\xdc\xa0"
	"\xde\xe8\x3f\x90\x65\x0a\x8e\x86\xd7\xf9\x70\x8f\x17\x0d\xa3\x3a"
	"\xe7\xbd\xa1\x35\xd7\x49\xb5\x51\xd5\x79\xf8\xba\xe7\x95\x21\xca"
	"\x51\x37\x0a\xf1\xe4\xb9\xc7\xe5\xb9\xf3\x7f\x7a\x61\xbf\x88\xbb"
	"\xe3\x85\x0f\x3e\x2b\xf9\x4a\x5c\x32\xbb\xe4\x53\xbf\x2b\x2d\x04"
	"\x11\xd6\xcd\xc6\x37\x4b\x63\x2a\x3c\x57\x28\xaa\x39\x84\x28\x33"
	"\x58\xfe\x20\xbb\xa7\x4b\x6b\x1f\xeb\x61\xc4\x6b\x29\x77\x9d\xbf"
	"\xb0\x10\x5c\x35\xa2\xc0\x59\x87\xaf\xdd\x96\xc9\xc8\xd9\xa1\x30"
	"\xdc\xdd\x4f\xff\x01\xdc\x5b\xb0\x2d\xdd\x95\x02\x00"
MAGIC_END;
